episode,task_type,target_id,instruction,visual_perturbation,perturbation,ensemble_mode,temporal_profile,ensemble_decay,max_prediction_age,grounding_shift_reset_threshold_m,execution_mode,uses_privileged_execution_assistance,uses_privileged_perturbation_oracle,scene_seed,scene_rejections,task_success,clean_success,task_success_step,clean_success_step,wrong_object_contact,wrong_object_contact_ids,first_wrong_object_contact_step,steps,termination,failure_category,mean_grounding_error_cm,max_grounding_error_cm,final_grounding_error_cm,final_predicted_target_x,final_predicted_target_y,final_predicted_target_z,mean_target_class_accuracy,min_eef_target_distance,gripper_close_step,target_contact,first_target_contact_step,target_motion_detected,grasped_once,first_grasp_step,first_grasp_lost_step,collateral_object_contact,collateral_contact_ids,wrong_object_moved,wrong_object_moved_ids,first_wrong_object_movement_step,max_wrong_object_displacement,max_wrong_displacement_by_id_json,max_target_height,min_target_height,min_target_uprightness,target_toppled,final_target_height,push_forward_displacement,push_lateral_displacement,action_clip_rate,safety_intervention_rate,workspace_violation_rate,recovery_cycles,mean_pose_action_norm,latest_only_rate,mean_oldest_prediction_age,max_oldest_prediction_age,mean_temporal_contributors,mean_latest_prediction_weight,phase_transition_count,grounding_shift_resets,grounding_reset_steps_json,stale_predictions_discarded,diagnostic_trace_enabled,phase_transition_trace_json,contact_event_trace_json,target_prediction_trace_json
1,push,A,Push the red cube away from the robot,clean,clean,temporal,robust,0.75,3,0.01,raw,0,0,132244816,6,0,0,0,0,0,,0,200,horizon,insufficient_push_distance,0.3924063127652331,1.010827490956905,0.5515070021058739,0.10752935707569122,-0.13696719706058502,0.821954607963562,1.0,0.03044520198018304,1,1,70,1,1,70,71,0,,0,,0,0.002415413534298083,"{""B"":0.002415413534298083,""C"":0.002369004793787726}",0.8240000000000001,0.8206096551667561,0.9982134295787546,0,0.8217844891595659,0.0606162370912617,0.0009203471494336646,0.01,0.08,0.0,0,0.24055016897705492,0.275,2.145,3,3.145,0.6805930919605047,7,0,[],0,0,[],[],[]
2,pick,A,Pick up the red cube,clean,clean,temporal,robust,0.75,3,0.01,raw,0,0,1652644469,0,1,1,73,79,0,,0,79,success,success,0.733981941299665,1.8454424029465373,1.7205107928854564,-0.09173199534416199,-0.09978824853897095,0.906387448310852,1.0,0.005004281933065515,58,1,63,1,1,64,0,0,,0,,0,0.002415413534298083,"{""B"":0.002415413534298083,""C"":0.002346774259942046}",0.9052167612546625,0.8206096551667561,0.9999529965020884,0,0.9052167612546625,0.0,0.008990473581473377,0.0,0.0,0.0,0,0.34775879092386197,0.6962025316455697,0.8354430379746836,3,1.8354430379746836,0.8725296065374234,3,7,[],409,0,[],[],[]
3,pick,C,Pick up the green cylinder,clean,clean,temporal,robust,0.75,3,0.01,raw,0,0,1428616627,0,1,1,75,81,0,,0,81,success,success,0.5353143723810069,1.1349544129165978,1.1349544129165978,-0.005897286348044872,-0.10005869716405869,0.9044164419174194,1.0,0.005302223803525108,62,1,65,1,1,66,0,0,,0,,0,0.0033903448332439634,"{""A"":0.0033903448332439634,""B"":0.002415413534298083}",0.9044642189432885,0.8216489988953357,0.9997782376949544,0,0.9044642189432885,0.0,0.005678300742307645,0.0,0.0,0.0,0,0.3800895382079818,0.6419753086419753,1.0,3,2.0,0.8482251205254009,3,5,[],352,0,[],[],[]
4,push,A,Push the red cube away from the robot,clean,clean,temporal,robust,0.75,3,0.01,raw,0,0,67574435,3,1,1,81,81,0,,0,81,success,success,1.367241152565422,2.7813312473688963,1.3427305867528136,-0.13481536507606506,-0.15355034172534943,0.8234711289405823,1.0,0.02999551271323436,1,1,59,1,1,65,69,0,,0,,0,0.002415413534298083,"{""B"":0.002415413534298083,""C"":0.0023630558702397234}",0.826210237146129,0.8206096551667561,0.9762164764106274,0,0.8261841450066686,0.07803320716599002,0.019243698895922142,0.18518518518518517,0.0,0.0,0,0.5250754210669957,0.6666666666666666,0.8888888888888888,3,1.8888888888888888,0.861161659858134,3,4,[],510,0,[],[],[]
5,pick,A,Pick up the red cube,clean,clean,temporal,robust,0.75,3,0.01,raw,0,0,780878251,0,1,1,81,86,0,,0,86,success,success,1.6016763117423434,2.9970833212247356,2.5879044692200432,-0.13575273752212524,0.07880256325006485,0.8988696336746216,1.0,0.019235117407626776,65,1,61,1,1,72,0,0,,0,,0,0.002415413534298083,"{""B"":0.002415413534298083,""C"":0.0023666335201575836}",0.9042333565675185,0.8206096551667561,0.9995689924744511,0,0.9042333565675185,0.0,0.011878298922596143,0.0,0.011627906976744186,0.0,0,0.31966733926397956,0.7209302325581395,0.7674418604651163,3,1.7674418604651163,0.8829051036797261,3,5,[],350,0,[],[],[]
6,pick,B,Pick up the blue ball,clean,clean,temporal,robust,0.75,3,0.01,raw,0,0,234744629,0,1,1,81,86,0,,0,86,success,success,0.506018295163314,1.234631304552657,0.7922579604622485,0.06420460343360901,-0.07569451630115509,0.8963690400123596,1.0,0.00274544663477617,67,1,72,1,1,72,0,0,,0,,0,0.0033903448332439634,"{""A"":0.0033903448332439634,""C"":0.0023836875549176546}",0.9029408657927613,0.825584586465702,1.0,0,0.9029408657927613,0.0,0.0025609290966759537,0.03488372093023256,0.0,0.0,0,0.39820421131907735,0.6162790697674418,1.0813953488372092,3,2.0813953488372094,0.8363645516213752,3,3,[],228,0,[],[],[]
7,pick,A,Pick up the red cube,clean,clean,temporal,robust,0.75,3,0.01,raw,0,0,828915159,0,1,1,127,132,0,,0,132,success,success,0.8003979038809516,3.217689656766618,1.6588428726168756,-0.08431756496429443,0.11039092391729355,0.8905099630355835,1.0,0.015720412974283414,110,1,101,1,1,117,0,0,,0,,0,0.002415413534298083,"{""B"":0.002415413534298083,""C"":0.0023566624861506807}",0.9018341557994998,0.8201434380597599,0.9977191406069323,0,0.9018341557994998,0.0,0.008512055214606034,0.015151515151515152,0.0,0.0,0,0.33777773146087164,0.44696969696969696,1.6136363636363635,3,2.6136363636363638,0.7586251379412604,5,9,[],566,0,[],[],[]
8,pick,A,Pick up the red cube,clean,clean,temporal,robust,0.75,3,0.01,raw,0,0,145206661,0,0,0,0,0,0,,0,200,horizon,grasp_failed_after_contact,1.5318434718375622,3.115044530959542,1.7587927213539027,-0.10674811899662018,-0.01349334791302681,0.8356393575668335,1.0,0.040283554349080014,64,1,75,1,0,0,0,0,,0,,0,0.002415413534298083,"{""B"":0.002415413534298083,""C"":0.002379023924311103}",0.8240000000000001,0.8206096551667561,0.999959146765832,0,0.8217844891595659,0.0,5.471568617947405e-05,0.0,0.105,0.0,0,0.2981067321686035,0.72,0.81,3,1.81,0.8784938616575146,12,12,[],1175,0,[],[],[]
9,pick,B,Pick up the blue ball,clean,clean,temporal,robust,0.75,3,0.01,raw,0,0,1082510941,2,1,1,78,84,0,,0,84,success,success,1.475807610090318,3.0132444905994804,0.7850018172922955,-0.017524512484669685,-0.06693938374519348,0.9016552567481995,1.0,0.009846610098175123,64,1,66,1,1,69,0,0,,0,,0,0.0033903448332439634,"{""A"":0.0033903448332439634,""C"":0.002301857163301921}",0.9069144789697812,0.8255096937224531,1.0,0,0.9069144789697812,0.0,0.004552000819456015,0.0,0.0,0.0,0,0.33558375776684946,0.6666666666666666,0.9285714285714286,3,1.9285714285714286,0.8589399475397292,3,6,[],303,0,[],[],[]
10,push,A,Push the red cube away from the robot,clean,clean,temporal,robust,0.75,3,0.01,raw,0,0,1520861809,0,1,1,85,85,0,,0,85,success,success,0.7438987455097548,1.2873890087315805,0.4177767573812546,0.045636486262083054,-0.16663183271884918,0.8221595287322998,1.0,0.0315383259081686,1,1,69,1,1,80,81,0,,0,,0,0.002415413534298083,"{""B"":0.002415413534298083,""C"":0.002365284811470077}",0.8240000000000001,0.8206096551667561,0.99978075422041,0,0.822374790620697,0.07373058347922706,0.009113051275609647,0.08235294117647059,0.0,0.0,0,0.42830420760690474,0.6,1.1294117647058823,3,2.1294117647058823,0.8292074189253937,3,0,[],0,0,[],[],[]
11,pick,C,Pick up the green cylinder,clean,clean,temporal,robust,0.75,3,0.01,raw,0,0,597858239,0,1,1,80,86,0,,0,86,success,success,0.5080410380438476,2.0817026515272667,1.6516221075043205,0.09403900802135468,-0.011421887204051018,0.9124889373779297,1.0,0.0022448227102988163,67,1,71,1,1,71,0,0,,0,,0,0.0033903448332439634,"{""A"":0.0033903448332439634,""B"":0.002415413534298083}",0.9047688807370247,0.8216253506343257,0.9999332852748921,0,0.9047688807370247,0.0,0.0034902144158258748,0.03488372093023256,0.0,0.0,0,0.40192149928250215,0.6046511627906976,1.1162790697674418,3,2.116279069767442,0.8311933791704473,3,3,[],294,0,[],[],[]
12,pick,B,Pick up the blue ball,clean,clean,temporal,robust,0.75,3,0.01,raw,0,0,1144717421,0,1,1,88,94,0,,0,94,success,success,0.6619466976541162,1.632321574388936,1.632321574388936,0.08630089461803436,-0.10416533052921295,0.8943575024604797,1.0,0.011087315075235027,73,1,72,1,1,80,0,0,,0,,0,0.0033903448332439634,"{""A"":0.0033903448332439634,""C"":0.002368267727026021}",0.9066554298295311,0.8254882063255018,1.0,0,0.9066554298295311,0.0,0.0013345514101921621,0.05319148936170213,0.0,0.0,0,0.4042723815956522,0.6170212765957447,1.0851063829787233,3,2.0851063829787235,0.836097754756371,3,5,[],355,0,[],[],[]
13,pick,B,Pick up the blue ball,clean,clean,temporal,robust,0.75,3,0.01,raw,0,0,1763940888,1,1,1,77,82,0,,0,82,success,success,0.6246332968371358,1.6111451911629726,1.3101180166016868,0.047195401042699814,-0.08071155846118927,0.9052001237869263,1.0,0.00134472654933682,63,1,67,1,1,68,0,0,,0,,0,0.0033903448332439634,"{""A"":0.0033903448332439634,""C"":0.0023546409300662916}",0.9022703970415548,0.8255573041612061,1.0,0,0.9022703970415548,0.0,0.002879822583976592,0.0,0.0,0.0,0,0.3905796541077251,0.6341463414634146,1.024390243902439,3,2.024390243902439,0.844652608924118,3,3,[],314,0,[],[],[]
14,pick,C,Pick up the green cylinder,clean,clean,temporal,robust,0.75,3,0.01,raw,0,0,1857857340,0,1,1,83,89,0,,0,89,success,success,0.4526270927358229,1.3965484996667084,0.5616925562307381,0.12801015377044678,0.02957030199468136,0.9065576791763306,1.0,0.005180580025205712,71,1,74,1,1,75,0,0,,0,,0,0.0033903448332439634,"{""A"":0.0033903448332439634,""B"":0.002415413534298083}",0.9061537617529377,0.8216517991210543,0.9999521788477068,0,0.9061537617529377,0.0,0.0013022308821269966,0.0898876404494382,0.0,0.0,0,0.4159819090672279,0.6067415730337079,1.1123595505617978,3,2.1123595505617976,0.8318866267177379,3,4,[],331,0,[],[],[]
15,push,C,Push the green cylinder away from the robot,clean,clean,temporal,robust,0.75,3,0.01,raw,0,0,2015649349,7,1,1,71,71,0,,0,71,success,success,1.1972699708011767,1.7963221924301265,1.3102313431321313,-0.04046684503555298,0.18184886872768402,0.8225387930870056,1.0,0.03879576536689921,1,1,57,1,0,0,0,0,,0,,0,0.0033903448332439634,"{""A"":0.0033903448332439634,""B"":0.002415413534298083}",0.8240000000000001,0.8216354331460463,0.9996588780452385,0,0.8223001378463917,0.07402764352661355,0.016427016150354842,0.11267605633802817,0.29577464788732394,0.0,0,0.4977966028896552,0.676056338028169,0.8028169014084507,3,1.8028169014084507,0.8729253324282796,3,1,[],190,0,[],[],[]
16,push,B,Push the blue ball away from the robot,clean,clean,temporal,robust,0.75,3,0.01,raw,0,0,1782006702,3,1,1,76,76,0,,0,76,success,success,1.0554947956325746,1.7252429191255718,1.498308007739731,0.2115684449672699,-0.13888300955295563,0.8260069489479065,1.0,0.035352787092851695,1,1,75,1,0,0,0,0,,0,,0,0.0033903448332439634,"{""A"":0.0033903448332439634,""C"":0.0023531955959424132}",0.8280000000000001,0.825584586465702,1.0,0,0.825873874600734,0.09281784623692117,0.0021458835459526263,0.13157894736842105,0.02631578947368421,0.0,0,0.5046251752991071,0.5526315789473685,1.2236842105263157,3,2.223684210526316,0.8110664293822406,3,4,[],298,0,[],[],[]
17,pick,C,Pick up the green cylinder,clean,clean,temporal,robust,0.75,3,0.01,raw,0,0,122608331,0,1,1,85,91,0,,0,91,success,success,0.7746300930115131,1.709386803299743,1.0090652386240142,0.07684656977653503,0.08187492191791534,0.9047778248786926,1.0,0.011678499643686476,72,1,71,1,1,77,0,0,,0,,0,0.0033903448332439634,"{""A"":0.0033903448332439634,""B"":0.002415413534298083}",0.9072914187433369,0.8216279133850782,0.9999229791801554,0,0.9072914187433369,0.0,0.008298583535794409,0.054945054945054944,0.0,0.0,0,0.39677670789128755,0.6373626373626373,1.021978021978022,3,2.021978021978022,0.8453555103234974,3,3,[],339,0,[],[],[]
18,push,C,Push the green cylinder away from the robot,clean,clean,temporal,robust,0.75,3,0.01,raw,0,0,1782050500,5,0,0,0,0,0,,0,200,horizon,insufficient_push_distance,2.4351376615467175,6.705653226273984,4.029206658370945,-0.10341471433639526,0.1535683423280716,0.8225568532943726,1.0,0.03838073546887691,1,1,61,1,0,0,0,0,,0,,0,0.0033903448332439634,"{""A"":0.0033903448332439634,""B"":0.002415413534298083}",0.8240000000000001,0.8216427956774432,0.9997829267085763,0,0.8221054795026522,0.061145637868879096,0.01046616195009915,0.08,0.48,0.0,0,0.5473637594982931,0.78,0.6,3,1.6,0.9081928057801605,6,6,[],719,0,[],[],[]
19,pick,A,Pick up the red cube,clean,clean,temporal,robust,0.75,3,0.01,raw,0,0,2088967089,0,1,1,90,95,0,,0,95,success,success,0.8555708019266801,3.0865774970078985,1.5396992184624616,0.11649593710899353,-0.04677559435367584,0.8858112096786499,1.0,0.013944206352899368,74,1,73,1,1,81,0,0,,0,,0,0.002415413534298083,"{""B"":0.002415413534298083,""C"":0.00236149564378477}",0.9049263940530591,0.8206096551667561,0.9998645229961767,0,0.9049263940530591,0.0,0.0019339802362804313,0.11578947368421053,0.0,0.0,0,0.43454990387092046,0.6210526315789474,1.0736842105263158,3,2.0736842105263156,0.8378230415484093,3,3,[],228,0,[],[],[]
20,push,C,Push the green cylinder away from the robot,clean,clean,temporal,robust,0.75,3,0.01,raw,0,0,864643248,3,1,1,81,81,0,,0,81,success,success,0.7289083339167524,1.5815784967083242,1.2853726253345887,0.050705160945653915,0.18813683092594147,0.823287308216095,1.0,0.039087770720297385,1,1,67,1,0,0,0,0,,0,,0,0.0033903448332439634,"{""A"":0.0033903448332439634,""B"":0.002415413534298083}",0.8240000000000001,0.821646218451276,0.9999390946777567,0,0.8232647435688186,0.07796841555785523,0.011929927066917497,0.06172839506172839,0.24691358024691357,0.0,0,0.4287018783223915,0.5925925925925926,1.0740740740740742,3,2.074074074074074,0.8337097567235787,3,3,[],264,0,[],[],[]
21,pick,C,Pick up the green cylinder,clean,clean,temporal,robust,0.75,3,0.01,raw,0,0,686582491,0,1,1,77,83,0,,0,83,success,success,1.2246182815636384,3.3591814043744317,1.4064671389067402,-0.1272345930337906,0.11114682257175446,0.9062456488609314,1.0,0.017813510620756114,63,1,59,1,1,69,0,0,,0,,0,0.0033903448332439634,"{""A"":0.0033903448332439634,""B"":0.002415413534298083}",0.9059453421284375,0.8216278104691704,0.999540400254773,0,0.9059453421284375,0.0,0.011357397292484563,0.0,0.0,0.0,0,0.3633067496334877,0.6867469879518072,0.8674698795180723,3,1.8674698795180722,0.8679565934324921,3,7,[],457,0,[],[],[]
22,push,A,Push the red cube away from the robot,clean,clean,temporal,robust,0.75,3,0.01,raw,0,0,35289769,3,1,1,85,85,0,,0,85,success,success,0.7877523288792643,1.7462164749643623,0.5691350861321132,0.1524180769920349,0.15781162679195404,0.8217475414276123,1.0,0.030974114877394765,1,1,68,1,1,74,76,0,,0,,0,0.002415413534298083,"{""B"":0.002415413534298083,""C"":0.0023489542482072246}",0.8240000000000001,0.8206096551667561,0.9973927695536986,0,0.8234936353959876,0.07106297738486658,0.006329098389445743,0.0,0.12941176470588237,0.0,0,0.42050834964933825,0.5882352941176471,1.0941176470588236,3,2.0941176470588236,0.8310711603888268,3,2,[],244,0,[],[],[]
23,push,B,Push the blue ball away from the robot,clean,clean,temporal,robust,0.75,3,0.01,raw,0,0,1526233162,8,1,1,72,72,0,,0,72,success,success,0.3998816598059426,0.8219770564451424,0.4313123517789748,0.03164511173963547,0.17898641526699066,0.8258426189422607,1.0,0.035396150807953004,1,1,67,1,0,0,0,0,,0,,0,0.0033903448332439634,"{""A"":0.0033903448332439634,""C"":0.0023513953758281573}",0.8280000000000001,0.825584586465702,1.0,0,0.8258980400811115,0.07637690865208743,0.00046105876038492834,0.1388888888888889,0.0,0.0,0,0.4932750484862464,0.5416666666666666,1.2222222222222223,3,2.2222222222222223,0.8124440527801843,3,3,[],308,0,[],[],[]
24,push,A,Push the red cube away from the robot,clean,clean,temporal,robust,0.75,3,0.01,raw,0,0,1395092761,6,0,0,0,0,0,,0,200,horizon,insufficient_push_distance,0.9419253804530925,1.9493366185296186,1.406293724830653,-0.021062316372990608,-0.1814424991607666,0.8215427398681641,1.0,0.038974702077812826,1,1,69,1,0,0,0,0,,0,,0,0.002415413534298083,"{""B"":0.002415413534298083,""C"":0.0023844662083956584}",0.8240000000000001,0.8206096551667561,0.9994408079583081,0,0.8217844891595695,0.06315630919527367,0.01093996178409219,0.05,0.0,0.0,0,0.2385046173794241,0.275,2.13,3,3.13,0.6813851820824637,4,1,[],190,0,[],[],[]
25,pick,B,Pick up the blue ball,clean,clean,temporal,robust,0.75,3,0.01,raw,0,0,754915157,0,1,1,89,94,0,,0,94,success,success,0.8231653312915324,2.6408188893318294,0.6882278079364001,0.1247752457857132,0.1036921888589859,0.8932019472122192,1.0,0.013974573035494932,73,1,71,1,1,81,0,0,,0,,0,0.0033903448332439634,"{""A"":0.0033903448332439634,""C"":0.00235550568587896}",0.9047578152192723,0.825447724804329,1.0,0,0.9047578152192723,0.0,0.004825562319570313,0.11702127659574468,0.0,0.0,0,0.42060203151443665,0.6276595744680851,1.053191489361702,3,2.0531914893617023,0.8408288274242413,3,2,[],227,0,[],[],[]
26,pick,B,Pick up the blue ball,clean,clean,temporal,robust,0.75,3,0.01,raw,0,0,1454562812,0,1,1,81,87,0,,0,87,success,success,0.6825715141961741,1.6311275276973691,0.5487812022516753,0.043090786784887314,0.0631914883852005,0.9047554731369019,1.0,0.014439956095369282,66,1,64,1,1,73,0,0,,0,,0,0.0033903448332439634,"{""A"":0.0033903448332439634,""C"":0.002374118039924974}",0.9075045832202192,0.8254214313121961,1.0,0,0.9075045832202192,0.0,0.0012634346704280355,0.0,0.0,0.0,0,0.355341886820451,0.6666666666666666,0.9310344827586207,3,1.9310344827586208,0.8586923535926146,3,4,[],313,0,[],[],[]
27,push,C,Push the green cylinder away from the robot,clean,clean,temporal,robust,0.75,3,0.01,raw,0,0,360417905,6,1,1,127,127,0,,0,127,success,success,1.2564486042016572,2.987346347709541,2.657536377262057,-0.13439111411571503,0.18906891345977783,0.8229681253433228,1.0,0.03974134341519427,1,1,70,1,0,0,0,0,,0,,0,0.0033903448332439634,"{""A"":0.0033903448332439634,""B"":0.002415413534298083}",0.8308863419413611,0.8216152439872619,0.9428524654358625,0,0.8305596594585289,0.06733413056554521,0.019196639270234437,0.11811023622047244,0.12598425196850394,0.0,0,0.3969665133236082,0.4251968503937008,1.6771653543307086,3,2.677165354330709,0.7491221906161132,3,0,[],0,0,[],[],[]
28,push,B,Push the blue ball away from the robot,clean,clean,temporal,robust,0.75,3,0.01,raw,0,0,1131209657,0,1,1,73,73,0,,0,73,success,success,0.5109739148882049,1.070186829717164,0.5453646129027305,0.14345590770244598,0.15505391359329224,0.8254409432411194,1.0,0.03477969007204766,1,1,68,1,0,0,0,0,,0,,0,0.0033903448332439634,"{""A"":0.0033903448332439634,""C"":0.0023800195398129328}",0.8280000000000001,0.825584586465702,1.0,0,0.8258724449461702,0.08851024486610079,0.0016568313441340274,0.0821917808219178,0.0136986301369863,0.0,0,0.4918936873381818,0.5342465753424658,1.2054794520547945,3,2.2054794520547945,0.8110913560792503,3,6,[],320,0,[],[],[]
29,pick,C,Pick up the green cylinder,clean,clean,temporal,robust,0.75,3,0.01,raw,0,0,23603849,0,1,1,83,89,0,,0,89,success,success,0.6005867165725997,1.4632646621716756,0.5064850215162402,0.0843447595834732,-0.09638411551713943,0.9007310271263123,1.0,0.003296469682085079,70,1,72,1,1,74,0,0,,0,,0,0.0033903448332439634,"{""A"":0.0033903448332439634,""B"":0.002415413534298083}",0.9059548097893506,0.8216247661219137,0.9999655239264484,0,0.9059548097893506,0.0,0.007175094826350131,0.056179775280898875,0.0,0.0,0,0.41263716011205365,0.6067415730337079,1.1123595505617978,3,2.1123595505617976,0.8318866267177379,3,3,[],321,0,[],[],[]
30,push,A,Push the red cube away from the robot,clean,clean,temporal,robust,0.75,3,0.01,raw,0,0,388431890,2,0,0,0,0,0,,0,200,horizon,insufficient_push_distance,1.656471249846358,3.9370763749871522,2.4516175561839058,-0.11302797496318817,-0.13542962074279785,0.8217397332191467,1.0,0.04164662038136281,1,1,85,1,0,0,0,0,,0,,0,0.002415413534298083,"{""B"":0.002415413534298083,""C"":0.002358853106360771}",0.8302144443733235,0.8206096551667561,0.9139980191830546,0,0.8274097630542628,0.04514323837536232,0.0298515915931665,0.06,0.0,0.0,0,0.22463193458801214,0.265,2.175,3,3.175,0.6761458836527067,3,3,[],450,0,[],[],[]
31,push,C,Push the green cylinder away from the robot,clean,clean,temporal,robust,0.75,3,0.01,raw,0,0,1169379525,5,0,0,0,0,0,,0,200,horizon,insufficient_push_distance,1.1857939437049891,3.4254103061313246,1.5773726767528977,-0.07237154245376587,-0.19036509096622467,0.8225974440574646,1.0,0.03818418197723113,1,1,67,1,0,0,0,0,,0,,0,0.0033903448332439634,"{""A"":0.0033903448332439634,""B"":0.002415413534298083}",0.8240000000000001,0.8216292641255115,0.9999770564381834,0,0.8220805792806681,0.053891888371231836,0.00423304754059992,0.065,0.05,0.0,0,0.2434583408350695,0.24,2.245,3,3.245,0.6652004553553948,5,3,[],263,0,[],[],[]
32,push,A,Push the red cube away from the robot,clean,clean,temporal,robust,0.75,3,0.01,raw,0,0,428763599,8,0,0,0,0,0,,0,200,horizon,insufficient_push_distance,0.726194182583596,1.395190728796032,0.73539871072934,0.021482206881046295,-0.10508795082569122,0.8216058015823364,1.0,0.03072017795172402,1,1,60,1,1,65,66,0,,0,,0,0.002415413534298083,"{""B"":0.002415413534298083,""C"":0.0023757697360711786}",0.8240000000000001,0.8206096551667561,0.99963113519334,0,0.8217844891595695,0.05896933982936537,0.010752389659760487,0.0,0.145,0.0,0,0.17542304858787283,0.24,2.25,3,3.25,0.6650278628832118,3,0,[],0,0,[],[],[]
33,pick,A,Pick up the red cube,clean,clean,temporal,robust,0.75,3,0.01,raw,0,0,1135567842,4,1,1,75,80,0,,0,80,success,success,0.8747378644187283,2.05124095285314,1.5120075477796477,-0.12907394766807556,-0.0639505460858345,0.9019120335578918,1.0,0.012268122654934667,60,1,60,1,1,66,0,0,,0,,0,0.002415413534298083,"{""B"":0.002415413534298083,""C"":0.0023729047559253526}",0.9031285445133677,0.8206096551667561,0.9998839673146449,0,0.9031285445133677,0.0,0.014339824572882654,0.0,0.0,0.0,0,0.35408499020839684,0.7125,0.7875,3,1.7875,0.8796819968404531,3,10,[],648,0,[],[],[]
34,push,C,Push the green cylinder away from the robot,clean,clean,temporal,robust,0.75,3,0.01,raw,0,0,1823968646,5,1,1,159,159,0,,0,159,success,success,1.5865276933208285,2.8712860411814556,1.882317934921294,-0.11078621447086334,0.1866389662027359,0.8227720856666565,1.0,0.03956028999933387,1,1,66,1,0,0,0,0,,0,,0,0.0033903448332439634,"{""A"":0.0033903448332439634,""B"":0.002415413534298083}",0.8240000000000001,0.8216253334994499,0.9997161123485512,0,0.823361967536264,0.08501589246954563,0.006738988735629531,0.10062893081761007,0.4339622641509434,0.0,0,0.5555349260380447,0.7924528301886793,0.5849056603773585,3,1.5849056603773586,0.9114927763486683,4,1,[],190,0,[],[],[]
35,pick,B,Pick up the blue ball,clean,clean,temporal,robust,0.75,3,0.01,raw,0,0,1841418460,1,1,1,84,89,0,,0,89,success,success,0.7850083891823125,1.4842555924112246,0.7403278275543983,0.13682803511619568,-0.10211001336574554,0.9035060405731201,1.0,0.005432352119550901,70,1,73,1,1,75,0,0,,0,,0,0.0033903448332439634,"{""A"":0.0033903448332439634,""C"":0.002351189237394763}",0.9027979689597994,0.825487579757749,1.0,0,0.9027979689597994,0.0,0.0026090196776221487,0.11235955056179775,0.0,0.0,0,0.4399698769378015,0.5842696629213483,1.1797752808988764,3,2.1797752808988764,0.8218929001833606,3,2,[],244,0,[],[],[]
36,pick,B,Pick up the blue ball,clean,clean,temporal,robust,0.75,3,0.01,raw,0,0,25605609,0,1,1,71,77,0,,0,77,success,success,0.9362132818482739,1.5853838519439358,1.114985413707203,-0.12237653136253357,0.07155822217464447,0.9111438989639282,1.0,0.011136282483841799,58,1,55,1,1,63,0,0,,0,,0,0.0033903448332439634,"{""A"":0.0033903448332439634,""C"":0.0023663272742046365}",0.9055201226948834,0.8253056383914155,1.0,0,0.9055201226948834,0.0,0.007730314303189425,0.0,0.0,0.0,0,0.3330940646563602,0.7272727272727273,0.7402597402597403,3,1.7402597402597402,0.8865454728415045,3,5,[],338,0,[],[],[]
37,pick,B,Pick up the blue ball,clean,clean,temporal,robust,0.75,3,0.01,raw,0,0,34495942,0,1,1,76,82,0,,0,82,success,success,0.6518316151531122,2.026282344507039,1.4450040038049161,-0.04233761504292488,-0.10536641627550125,0.8987584710121155,1.0,0.0029800202872570596,62,1,63,1,1,68,0,0,,0,,0,0.0033903448332439634,"{""A"":0.0033903448332439634,""C"":0.002376545187907621}",0.9049086383918162,0.8254157776220828,1.0,0,0.9049086383918162,0.0,0.0033132287365697103,0.0,0.0,0.0,0,0.3666023152517533,0.6463414634146342,0.9878048780487805,3,1.9878048780487805,0.8500760336897253,3,6,[],303,0,[],[],[]
38,push,C,Push the green cylinder away from the robot,clean,clean,temporal,robust,0.75,3,0.01,raw,0,0,660506940,8,1,1,75,75,0,,0,75,success,success,1.097145544687075,2.069001597006288,2.0253637280674517,-0.05415710434317589,-0.20216532051563263,0.8230363130569458,1.0,0.038978984259340946,1,1,60,1,0,0,0,0,,0,,0,0.0033903448332439634,"{""A"":0.0033903448332439634,""B"":0.002415413534298083}",0.8240000000000001,0.8216427040364596,0.9999774497216549,0,0.8223560885620418,0.07509014396787111,0.006844343462006198,0.18666666666666668,0.06666666666666667,0.0,0,0.525719497944107,0.6133333333333333,1.0666666666666667,3,2.066666666666667,0.836543376759921,3,2,[],314,0,[],[],[]
39,push,B,Push the blue ball away from the robot,clean,clean,temporal,robust,0.75,3,0.01,raw,0,0,1732089974,0,1,1,70,70,0,,0,70,success,success,0.4446658716515263,0.8224652094709514,0.6948777856385469,0.05812178552150726,-0.15293914079666138,0.8257574439048767,1.0,0.03512365872611467,1,1,61,1,0,0,0,0,,0,,0,0.0033903448332439634,"{""A"":0.0033903448332439634,""C"":0.002367576068675062}",0.8280000000000001,0.825584586465702,1.0,0,0.8258125296219968,0.08655827014529908,0.006561517765365725,0.05714285714285714,0.0,0.0,0,0.478975957783361,0.5571428571428572,1.1571428571428573,3,2.157142857142857,0.8202847422309923,3,4,[],265,0,[],[],[]
40,pick,A,Pick up the red cube,clean,clean,temporal,robust,0.75,3,0.01,raw,0,0,1733371056,0,1,1,75,81,0,,0,81,success,success,0.6384557489614977,2.2204833909092536,2.1189391868681224,-0.10437612235546112,-0.0870426818728447,0.910546600818634,1.0,0.006739823151795482,60,1,65,1,1,66,0,0,,0,,0,0.002415413534298083,"{""B"":0.002415413534298083,""C"":0.0023524860749141925}",0.9034333173112741,0.8206096551667561,0.9999036489871287,0,0.9034333173112741,0.0,0.014202326374869562,0.0,0.0,0.0,0,0.3462393319739198,0.691358024691358,0.8518518518518519,3,1.8518518518518519,0.870186643033045,3,8,[],376,0,[],[],[]
41,pick,B,Pick up the blue ball,clean,clean,temporal,robust,0.75,3,0.01,raw,0,0,947330705,0,1,1,77,83,0,,0,83,success,success,1.2332147155506288,3.1968251475900704,1.3233647640186645,-0.13704951107501984,-0.029520045965909958,0.9091468453407288,1.0,0.01128346929050746,63,1,66,1,1,68,0,0,,0,,0,0.0033903448332439634,"{""A"":0.0033903448332439634,""C"":0.0023592237683792657}",0.9069685553354692,0.8254466053315105,1.0,0,0.9069685553354692,0.0,0.012361120278101408,0.0,0.0,0.0,0,0.33529550816659265,0.6746987951807228,0.9036144578313253,3,1.9036144578313252,0.8625985111339405,3,15,[],746,0,[],[],[]
42,push,B,Push the blue ball away from the robot,clean,clean,temporal,robust,0.75,3,0.01,raw,0,0,1469053533,1,1,1,74,74,0,,0,74,success,success,0.6403915828404314,0.974843396757363,0.7818882165704099,0.10210715234279633,0.1638503074645996,0.8257229924201965,1.0,0.0346701992245846,1,1,64,1,0,0,0,0,,0,,0,0.0033903448332439634,"{""A"":0.0033903448332439634,""C"":0.0023588727005168448}",0.8280000000000001,0.825584586465702,1.0,0,0.8259062527701294,0.07616028070991215,0.0013233048382472632,0.06756756756756757,0.013513513513513514,0.0,0,0.47122670434127156,0.5540540540540541,1.1756756756756757,3,2.175675675675676,0.817979598575809,3,3,[],246,0,[],[],[]
43,pick,B,Pick up the blue ball,clean,clean,temporal,robust,0.75,3,0.01,raw,0,0,1611396060,0,1,1,78,84,0,,0,84,success,success,1.2841241841133226,2.1469258772648168,1.5363516404886155,0.0072578927502036095,0.09361117333173752,0.9004358649253845,1.0,0.016658314197380026,65,1,62,1,1,70,0,0,,0,,0,0.0033903448332439634,"{""A"":0.0033903448332439634,""C"":0.002353417319172597}",0.9054368827289989,0.8253187794805538,1.0,0,0.9054368827289989,0.0,0.0009146871691319201,0.0,0.0,0.0,0,0.35519197935857466,0.6785714285714286,0.8928571428571429,3,1.8928571428571428,0.8642342431442507,3,3,[],326,0,[],[],[]
44,pick,B,Pick up the blue ball,clean,clean,temporal,robust,0.75,3,0.01,raw,0,0,1071947585,0,1,1,73,79,0,,0,79,success,success,1.1105903632307583,4.456393214240507,1.9449945173890493,-0.026026058942079544,-0.08597081154584885,0.9116350412368774,1.0,0.015501269708792743,58,1,43,1,1,64,0,0,,0,,0,0.0033903448332439634,"{""A"":0.0033903448332439634,""C"":0.0023601898383731616}",0.900123196675366,0.8251293547760896,1.0,0,0.900123196675366,0.0,0.012711272754867848,0.0,0.0,0.0,0,0.33303523616153563,0.6835443037974683,0.8734177215189873,3,1.8734177215189873,0.8669002289326158,3,5,[],445,0,[],[],[]
45,pick,A,Pick up the red cube,clean,clean,temporal,robust,0.75,3,0.01,raw,0,0,1469446418,1,1,1,83,88,0,,0,88,success,success,0.8916058990044115,2.5184164158508398,1.560886494328639,-0.030606620013713837,-0.07691057026386261,0.9043707251548767,1.0,0.013904908079548335,66,1,66,1,1,74,0,0,,0,,0,0.002415413534298083,"{""B"":0.002415413534298083,""C"":0.0023675717217450606}",0.9046004125881615,0.8204285413945627,0.9998627523054893,0,0.9046004125881615,0.0,0.00733927241567932,0.0,0.0,0.0,0,0.3547892385828227,0.6818181818181818,0.8863636363636364,3,1.8863636363636365,0.8653517681061053,3,8,[],596,0,[],[],[]
46,pick,C,Pick up the green cylinder,clean,clean,temporal,robust,0.75,3,0.01,raw,0,0,1452691790,0,1,1,76,81,0,,0,81,success,success,0.9999404631461862,4.105345872692967,3.137756846925403,-0.11443221569061279,-0.09449508041143417,0.8896631002426147,1.0,0.015197743171437104,63,1,60,1,1,67,0,0,,0,,0,0.0033903448332439634,"{""A"":0.0033903448332439634,""B"":0.002415413534298083}",0.9032056140566536,0.8216488902501043,0.9995471310103312,0,0.9032056140566536,0.0,0.010294366833310102,0.0,0.0,0.0,0,0.3613902365391435,0.6666666666666666,0.9259259259259259,3,1.9259259259259258,0.859205881779223,3,3,[],308,0,[],[],[]
47,pick,A,Pick up the red cube,clean,clean,temporal,robust,0.75,3,0.01,raw,0,0,1552652845,0,1,1,83,89,0,,0,89,success,success,0.7419619693423872,1.5047771900985714,1.3650236335336363,0.07620765268802643,0.1315959244966507,0.9004343748092651,1.0,0.007458497361850732,69,1,70,1,1,75,0,0,,0,,0,0.002415413534298083,"{""B"":0.002415413534298083,""C"":0.0023529325708114054}",0.9061539005931489,0.8206096551667561,0.9999924325368283,0,0.9061539005931489,0.0,0.010879134570558006,0.0449438202247191,0.0,0.0,0,0.4260074178397455,0.6292134831460674,1.0449438202247192,3,2.044943820224719,0.8418803532521154,3,3,[],329,0,[],[],[]
48,push,A,Push the red cube away from the robot,clean,clean,temporal,robust,0.75,3,0.01,raw,0,0,565510524,2,1,1,85,85,0,,0,85,success,success,0.608014572076985,1.3689656774731633,0.858509952852206,0.13592322170734406,0.17153601348400116,0.8218758702278137,1.0,0.03173231297908964,1,1,68,1,0,0,0,0,,0,,0,0.002415413534298083,"{""B"":0.002415413534298083,""C"":0.002371672076427852}",0.8240000000000001,0.8206096551667561,0.9998543029905704,0,0.8220807909319662,0.07415362725212558,0.006369063957353654,0.03529411764705882,0.17647058823529413,0.0,0,0.4152137288839882,0.6,1.1294117647058823,3,2.1294117647058823,0.8292074189253937,3,0,[],0,0,[],[],[]
49,pick,A,Pick up the red cube,clean,clean,temporal,robust,0.75,3,0.01,raw,0,0,1055668590,1,1,1,81,87,0,,0,87,success,success,1.3141397662883967,2.57759071313077,2.57759071313077,-0.13433024287223816,0.10184977203607559,0.8988250494003296,1.0,0.017675285224456133,66,1,62,1,1,73,0,0,,0,,0,0.002415413534298083,"{""B"":0.002415413534298083,""C"":0.0023603147642851144}",0.9043170155031893,0.8206096551667561,0.9998200803165673,0,0.9043170155031893,0.0,0.0133910686044824,0.0,0.0,0.0,0,0.3391882188666355,0.7241379310344828,0.7586206896551724,3,1.7586206896551724,0.884251022028235,3,5,[],320,0,[],[],[]
50,push,A,Push the red cube away from the robot,clean,clean,temporal,robust,0.75,3,0.01,raw,0,0,929106964,5,0,0,0,0,1,B,116,200,horizon,wrong_object_contact,1.4598021784914204,3.119994232114758,0.713510675751979,-0.059893589466810226,-0.15254110097885132,0.8227202892303467,1.0,0.04320874435223144,1,1,58,1,0,0,0,0,,1,B,119,0.025705835090708166,"{""B"":0.025705835090708166,""C"":0.002380108870134453}",0.8240000000000001,0.8206096551667561,0.9996106227190467,0,0.8217844891595659,0.06045613180341911,0.007211005877957491,0.06,0.055,0.0,0,0.531281699694079,0.845,0.405,3,1.405,0.9370996597808474,6,3,[],356,0,[],[],[]
51,push,C,Push the green cylinder away from the robot,clean,clean,temporal,robust,0.75,3,0.01,raw,0,0,133280263,0,1,1,72,72,0,,0,72,success,success,0.8633033410250014,1.7269949197720957,1.4726592738926052,-0.12728236615657806,-0.14453409612178802,0.8223799467086792,1.0,0.03783984625276184,1,1,57,1,0,0,0,0,,0,,0,0.0033903448332439634,"{""A"":0.0033903448332439634,""B"":0.002415413534298083}",0.8240000000000001,0.8216278048581049,0.9999051952909213,0,0.8225020000816329,0.08125031517899609,0.005365993607058778,0.2222222222222222,0.06944444444444445,0.0,0,0.5729014480171419,0.6388888888888888,1.0,3,2.0,0.8477832952069009,3,3,[],263,0,[],[],[]
52,push,A,Push the red cube away from the robot,clean,clean,temporal,robust,0.75,3,0.01,raw,0,0,1222787841,8,1,1,78,78,0,,0,78,success,success,0.7066770249113664,1.2720676690229415,0.8541721013671263,-0.11025193333625793,-0.15590764582157135,0.8222206234931946,1.0,0.030842118636260657,1,1,62,1,1,76,78,0,,0,,0,0.002415413534298083,"{""B"":0.002415413534298083,""C"":0.0023631126985093785}",0.8240000000000001,0.8206096551667561,0.9998977041022243,0,0.8220814334514761,0.0852952998262152,0.00044798556789084744,0.21794871794871795,0.0,0.0,0,0.5792312967748323,0.6666666666666666,0.9230769230769231,3,1.9230769230769231,0.8594922724986777,2,1,[],190,0,[],[],[]
53,pick,B,Pick up the blue ball,clean,clean,temporal,robust,0.75,3,0.01,raw,0,0,1564063893,0,1,1,75,81,0,,0,81,success,success,0.9832603364983854,1.7935024157778947,1.662069710407555,-0.07678630948066711,-0.12664546072483063,0.8974629640579224,1.0,0.008596120464700137,61,1,62,1,1,67,0,0,,0,,0,0.0033903448332439634,"{""A"":0.0033903448332439634,""C"":0.002351793864450625}",0.9069535856131923,0.8255130839485644,1.0,0,0.9069535856131923,0.0,0.005202840483159797,0.0,0.0,0.0,0,0.36377652071504973,0.6666666666666666,0.9259259259259259,3,1.9259259259259258,0.859205881779223,3,3,[],314,0,[],[],[]
54,push,A,Push the red cube away from the robot,clean,clean,temporal,robust,0.75,3,0.01,raw,0,0,44219018,8,1,1,85,85,0,,0,85,success,success,0.9155567431147663,2.7070805282891333,2.203815182524067,0.15645484626293182,0.16313372552394867,0.8218867182731628,1.0,0.03927593114073942,1,1,68,1,0,0,0,0,,0,,0,0.002415413534298083,"{""B"":0.002415413534298083,""C"":0.002373019809937237}",0.8240000000000001,0.8206096551667561,0.9947808108954632,0,0.8239873139494264,0.07391364472974972,0.011044085924850702,0.023529411764705882,0.1411764705882353,0.0,0,0.4236669362597716,0.5764705882352941,1.188235294117647,3,2.1882352941176473,0.8191494993121821,3,2,[],314,0,[],[],[]
55,pick,B,Pick up the blue ball,clean,clean,temporal,robust,0.75,3,0.01,raw,0,0,1936068788,1,1,1,84,89,0,,0,89,success,success,0.8044904473077371,1.425731517756181,0.9095692326437242,0.12871937453746796,-0.10606375336647034,0.8995509743690491,1.0,0.002344687458995811,70,1,73,1,1,75,0,0,,0,,0,0.0033903448332439634,"{""A"":0.0033903448332439634,""C"":0.0023702805221490764}",0.9032153219799631,0.8254702220573846,1.0,0,0.9032153219799631,0.0,0.002487657179696966,0.0898876404494382,0.0,0.0,0,0.4328717770017607,0.5842696629213483,1.1797752808988764,3,2.1797752808988764,0.8218929001833606,3,4,[],265,0,[],[],[]
56,push,C,Push the green cylinder away from the robot,clean,clean,temporal,robust,0.75,3,0.01,raw,0,0,521279023,8,1,1,86,86,0,,0,86,success,success,0.3789572491426664,1.0943753196365578,0.7170511395673672,0.1370510756969452,-0.11110128462314606,0.8229926228523254,1.0,0.04047804804567408,1,1,70,1,0,0,0,0,,0,,0,0.0033903448332439634,"{""A"":0.0033903448332439634,""B"":0.002415413534298083}",0.825224509403649,0.8216296817216329,0.9966720506199636,0,0.8246141547679229,0.0699511590267198,5.054929989018e-05,0.0,0.26744186046511625,0.0,0,0.40539748312741986,0.5813953488372093,1.186046511627907,3,2.186046511627907,0.8208510342685915,3,0,[],0,0,[],[],[]
57,push,C,Push the green cylinder away from the robot,clean,clean,temporal,robust,0.75,3,0.01,raw,0,0,1726788355,0,1,1,75,75,0,,0,75,success,success,0.9138471963043607,2.6728114039834114,1.561742046739738,-0.135685533285141,-0.12136758863925934,0.8225939869880676,1.0,0.04375268126768097,1,1,61,1,0,0,0,0,,0,,0,0.0033903448332439634,"{""A"":0.0033903448332439634,""B"":0.002415413534298083}",0.8240000000000001,0.8216456524719347,0.999945379104247,0,0.8229855303054192,0.09191374106330386,0.010126623065046842,0.18666666666666668,0.30666666666666664,0.0,0,0.5540426405147318,0.6933333333333334,0.84,3,1.84,0.8716607966298167,2,6,[],424,0,[],[],[]
58,push,A,Push the red cube away from the robot,clean,clean,temporal,robust,0.75,3,0.01,raw,0,0,937194895,0,1,1,87,87,0,,0,87,success,success,0.6686314397484174,1.2881222329290702,0.9140558889498371,0.2025882750749588,0.045028023421764374,0.8220192790031433,1.0,0.03419156518400591,1,1,71,1,1,72,73,0,,0,,0,0.002415413534298083,"{""B"":0.002415413534298083,""C"":0.0023650222414850586}",0.8240000000000001,0.8206096551667561,0.9969159434565427,0,0.82365440953763,0.07392626769360053,0.0021073458644211493,0.011494252873563218,0.13793103448275862,0.0,0,0.40491072214904866,0.5632183908045977,1.206896551724138,3,2.206896551724138,0.814507647240587,3,1,[],190,0,[],[],[]
59,pick,B,Pick up the blue ball,clean,clean,temporal,robust,0.75,3,0.01,raw,0,0,798035793,0,1,1,83,89,0,,0,89,success,success,0.9063907314308961,2.814634062447455,1.0255965059214742,0.14102114737033844,-0.12075881659984589,0.9007021188735962,1.0,0.018018448637837577,68,1,63,1,1,74,0,0,,0,,0,0.0033903448332439634,"{""A"":0.0033903448332439634,""C"":0.002359092314218648}",0.9033190080200746,0.8254205585238981,1.0,0,0.9033190080200746,0.0,0.005942114136393558,0.10112359550561797,0.0,0.0,0,0.44745376519079827,0.5842696629213483,1.1797752808988764,3,2.1797752808988764,0.8218929001833606,3,4,[],300,0,[],[],[]
60,pick,B,Pick up the blue ball,clean,clean,temporal,robust,0.75,3,0.01,raw,0,0,1938902260,0,1,1,77,83,0,,0,83,success,success,0.989180550945439,2.2387630962348486,1.3031889312147207,0.06517018377780914,0.033720411360263824,0.9077973365783691,1.0,0.006177908570240494,63,1,58,1,1,69,0,0,,0,,0,0.0033903448332439634,"{""A"":0.0033903448332439634,""C"":0.0023509664211000753}",0.9031537381599787,0.8253911639582299,1.0,0,0.9031537381599787,0.0,0.004438874030858475,0.04819277108433735,0.0,0.0,0,0.3947328544876896,0.6265060240963856,1.0481927710843373,3,2.0481927710843375,0.8411661819397334,3,2,[],289,0,[],[],[]
61,pick,A,Pick up the red cube,clean,clean,temporal,robust,0.75,3,0.01,raw,0,0,2015458094,0,1,1,74,80,0,,0,80,success,success,0.5561521888345837,2.2519738107434573,0.9459669931341249,-0.0212479829788208,0.027955908328294754,0.9049762487411499,1.0,0.006617978489990767,59,1,64,1,1,65,0,0,,0,,0,0.002415413534298083,"{""B"":0.002415413534298083,""C"":0.0023728071267137955}",0.9068586385438262,0.8206096551667561,0.9999655229262316,0,0.9068586385438262,0.0,0.0057769643084636625,0.0,0.0,0.0,0,0.3430675545155003,0.6875,0.8625,3,1.8625,0.868563976070958,3,5,[],335,0,[],[],[]
62,push,B,Push the blue ball away from the robot,clean,clean,temporal,robust,0.75,3,0.01,raw,0,0,1510021196,0,1,1,78,78,0,,0,78,success,success,1.1302333486902147,1.7816512689675026,0.7516116205641392,-0.021038034930825233,0.1977776736021042,0.8254812359809875,1.0,0.034852114274709994,1,1,67,1,0,0,0,0,,0,,0,0.0033903448332439634,"{""A"":0.0033903448332439634,""C"":0.0023511888445174162}",0.8280000000000001,0.825584586465702,1.0,0,0.8259106482093995,0.07419686864875889,0.007037371869749114,0.2948717948717949,0.0,0.0,0,0.5090533712335238,0.5128205128205128,1.2692307692307692,3,2.269230769230769,0.804507781685778,3,4,[],282,0,[],[],[]
63,pick,C,Pick up the green cylinder,clean,clean,temporal,robust,0.75,3,0.01,raw,0,0,1956109476,3,1,1,72,78,0,,0,78,success,success,1.0259706870063066,3.4834104148393323,0.8523037215362498,-0.09439414739608765,0.100436732172966,0.9004645943641663,1.0,0.00925135984427915,60,1,58,1,1,64,0,0,,0,,0,0.0033903448332439634,"{""A"":0.0033903448332439634,""B"":0.002415413534298083}",0.9053788360078655,0.8216332988253223,0.9997596005487139,0,0.9053788360078655,0.0,0.00564110150246266,0.0,0.0,0.0,0,0.34556783415779585,0.7051282051282052,0.8076923076923077,3,1.8076923076923077,0.8765969198363621,3,5,[],353,0,[],[],[]
64,pick,C,Pick up the green cylinder,clean,clean,temporal,robust,0.75,3,0.01,raw,0,0,722083215,0,1,1,74,80,0,,0,80,success,success,0.8564743842588376,3.49262170837353,2.3748936823028983,-0.061150941997766495,0.10324844717979431,0.886745035648346,1.0,0.0065836584384761625,62,1,63,1,1,66,0,0,,0,,0,0.0033903448332439634,"{""A"":0.0033903448332439634,""B"":0.002415413534298083}",0.9036384024262284,0.8216461753990973,0.9994555231824052,0,0.9036384024262284,0.0,0.008712703042598273,0.0,0.0,0.0,0,0.37388589320400656,0.6625,0.9375,3,1.9375,0.8574459553014633,3,6,[],509,0,[],[],[]
65,pick,B,Pick up the blue ball,clean,clean,temporal,robust,0.75,3,0.01,raw,0,0,1804482595,0,1,1,79,85,0,,0,85,success,success,0.5618180094329225,1.63633505906591,0.9724594599010393,0.06727123260498047,0.02914787270128727,0.9001123309135437,1.0,0.003771798687956377,66,1,70,1,1,71,0,0,,0,,0,0.0033903448332439634,"{""A"":0.0033903448332439634,""C"":0.0022801223692988496}",0.9072755991957661,0.8255073567612343,1.0,0,0.9072755991957661,0.0,0.0015429039372495607,0.03529411764705882,0.0,0.0,0,0.39414405199288904,0.6352941176470588,1.0235294117647058,3,2.023529411764706,0.8449034482470338,3,2,[],227,0,[],[],[]
66,pick,C,Pick up the green cylinder,clean,clean,temporal,robust,0.75,3,0.01,raw,0,0,641541485,1,1,1,74,80,0,,0,80,success,success,0.9725172803178974,1.7140510367265442,1.3661359531532067,-0.1424410343170166,-0.06429646909236908,0.9069080352783203,1.0,0.00972639751547463,61,1,37,1,1,65,0,0,,0,,0,0.0033903448332439634,"{""A"":0.0033903448332439634,""B"":0.002415413534298083}",0.9033749296182239,0.8216433782237067,0.9858809832949191,0,0.9033749296182239,0.0,0.011790561745389377,0.0,0.0,0.0,0,0.3070867677937511,0.7375,0.7125,3,1.7125,0.8908000176099481,3,7,[],511,0,[],[],[]
67,push,B,Push the blue ball away from the robot,clean,clean,temporal,robust,0.75,3,0.01,raw,0,0,447787107,11,1,1,166,166,0,,0,166,success,success,0.8076596324386616,1.855998855399775,0.8719497811345222,0.03490721434354782,0.19390879571437836,0.8258266448974609,1.0,0.03453082247135208,1,1,61,1,0,0,0,0,,0,,0,0.0033903448332439634,"{""A"":0.0033903448332439634,""C"":0.0023681841294688356}",0.8280000000000001,0.825584586465702,1.0,0,0.8259006619033855,0.11315211551349257,0.0010892627175051821,0.06626506024096386,0.0,0.0,0,0.3604346720493619,0.45180722891566266,1.5542168674698795,3,2.5542168674698793,0.7661530297600084,7,6,[],456,0,[],[],[]
68,push,B,Push the blue ball away from the robot,clean,clean,temporal,robust,0.75,3,0.01,raw,0,0,1960022037,0,1,1,156,156,0,,0,156,success,success,0.8685142721300984,2.101378661884637,2.101378661884637,-0.054368119686841965,0.21404795348644257,0.8252884745597839,1.0,0.03428888293187257,1,1,56,1,0,0,0,0,,0,,0,0.0033903448332439634,"{""A"":0.0033903448332439634,""C"":0.0023594874245224332}",0.8280000000000001,0.8255473478173269,1.0,0,0.8259122960614849,0.09992105520151552,0.008976585274908248,0.16666666666666666,0.0,0.0,0,0.37200412484443846,0.47435897435897434,1.4807692307692308,3,2.480769230769231,0.7768198103665358,7,6,[],474,0,[],[],[]
69,push,C,Push the green cylinder away from the robot,clean,clean,temporal,robust,0.75,3,0.01,raw,0,0,446653982,12,1,1,71,71,0,,0,71,success,success,0.7347078150497458,1.6723568476863273,0.597021405225403,-0.11745801568031311,-0.187624990940094,0.823126494884491,1.0,0.038508229275593005,1,1,57,1,0,0,0,0,,0,,0,0.0033903448332439634,"{""A"":0.0033903448332439634,""B"":0.002415413534298083}",0.8240000000000001,0.8216224346439022,0.9999750883098386,0,0.8223212834906888,0.07605586666525944,0.001179412165099053,0.22535211267605634,0.14084507042253522,0.0,0,0.5586105921158658,0.6619718309859155,0.9295774647887324,3,1.9295774647887325,0.8581667453022035,3,0,[],0,0,[],[],[]
70,push,B,Push the blue ball away from the robot,clean,clean,temporal,robust,0.75,3,0.01,raw,0,0,912066205,5,1,1,71,71,0,,0,71,success,success,0.4452085905913861,1.1235213598461193,0.3265794447766766,0.05003177002072334,-0.16535240411758423,0.8258134126663208,1.0,0.03473139745890637,1,1,63,1,0,0,0,0,,0,,0,0.0033903448332439634,"{""A"":0.0033903448332439634,""C"":0.0023500255598969556}",0.8280000000000001,0.825584586465702,1.0,0,0.8257729375595898,0.08798228494146862,0.004044648202852085,0.11267605633802817,0.0,0.0,0,0.4842196522128088,0.5492957746478874,1.1830985915492958,3,2.183098591549296,0.8165522693716855,3,5,[],284,0,[],[],[]
71,pick,C,Pick up the green cylinder,clean,clean,temporal,robust,0.75,3,0.01,raw,0,0,2048809078,0,1,1,74,79,0,,0,79,success,success,1.177344652295022,3.7164695343646277,1.7185072278937623,-0.10659047961235046,0.12687258422374725,0.8956384062767029,1.0,0.013765727222224427,60,1,57,1,1,65,0,0,,0,,0,0.0033903448332439634,"{""A"":0.0033903448332439634,""B"":0.002415413534298083}",0.9039564688161548,0.8215900590011402,0.9997545141814044,0,0.9039564688161548,0.0,0.005515914736488955,0.0,0.0,0.0,0,0.3471139732358007,0.7088607594936709,0.7974683544303798,3,1.7974683544303798,0.878158984142231,3,6,[],338,0,[],[],[]
72,push,A,Push the red cube away from the robot,clean,clean,temporal,robust,0.75,3,0.01,raw,0,0,1942111789,4,1,1,86,86,0,,0,86,success,success,1.0641866380218612,1.6528569123845354,0.44433014903490525,0.12174582481384277,0.07534701377153397,0.8215404748916626,1.0,0.03064930691272677,1,1,67,1,1,67,69,0,,0,,0,0.002415413534298083,"{""B"":0.002415413534298083,""C"":0.0023755046214262426}",0.8240000000000001,0.8206096551667561,0.9983290593336278,0,0.822523614990994,0.06588535647105759,0.0028612657624815523,0.0,0.19767441860465115,0.0,0,0.3572880621688658,0.5813953488372093,1.186046511627907,3,2.186046511627907,0.8208510342685915,3,1,[],190,0,[],[],[]
73,pick,C,Pick up the green cylinder,clean,clean,temporal,robust,0.75,3,0.01,raw,0,0,1507653832,1,1,1,75,81,0,,0,81,success,success,0.7420808049536849,3.4004005013098566,0.8657098613142826,-0.0843324214220047,-0.09533409774303436,0.907767117023468,1.0,0.008908998923699042,63,1,63,1,1,67,0,0,,0,,0,0.0033903448332439634,"{""A"":0.0033903448332439634,""B"":0.002415413534298083}",0.9045621372754686,0.8216385442299702,0.9990928624906701,0,0.9045621372754686,0.0,0.00892988971840229,0.0,0.0,0.0,0,0.3639128164491377,0.6666666666666666,0.9259259259259259,3,1.9259259259259258,0.859205881779223,3,8,[],359,0,[],[],[]
74,push,B,Push the blue ball away from the robot,clean,clean,temporal,robust,0.75,3,0.01,raw,0,0,1502609317,0,1,1,78,78,0,,0,78,success,success,0.5752276915608827,1.07690252567745,0.8808451813533253,0.19307413697242737,0.10892545431852341,0.8259066939353943,1.0,0.03482872841000052,1,1,69,1,0,0,0,0,,0,,0,0.0033903448332439634,"{""A"":0.0033903448332439634,""C"":0.002335260005990264}",0.8280000000000001,0.825584586465702,1.0,0,0.8258084104739136,0.08152358461288804,0.0032474963428448505,0.14102564102564102,0.02564102564102564,0.0,0,0.4632769789965735,0.5384615384615384,1.2307692307692308,3,2.230769230769231,0.8102093307983395,3,3,[],279,0,[],[],[]
75,pick,A,Pick up the red cube,clean,clean,temporal,robust,0.75,3,0.01,raw,0,0,1160182716,0,1,1,81,86,0,,0,86,success,success,0.5341108212696934,2.7670944192883566,2.7670944192883566,0.02805093303322792,-0.0867239460349083,0.9128094911575317,1.0,0.00486860808297533,66,1,70,1,1,72,0,0,,0,,0,0.002415413534298083,"{""B"":0.002415413534298083,""C"":0.0023561886520661233}",0.9043152355891367,0.8206096551667561,0.9999909436287453,0,0.9043152355891367,0.0,0.005514785923460395,0.046511627906976744,0.0,0.0,0,0.40808806922029106,0.6162790697674418,1.0813953488372092,3,2.0813953488372094,0.8363645516213752,3,6,[],338,0,[],[],[]
76,push,C,Push the green cylinder away from the robot,clean,clean,temporal,robust,0.75,3,0.01,raw,0,0,129152634,10,0,0,0,0,0,,0,200,horizon,insufficient_push_distance,1.1549703543201986,1.989995154708076,1.205605283697218,-0.02493174374103546,-0.1762528270483017,0.8224749565124512,1.0,0.040189360248962476,1,1,68,1,0,0,0,0,,0,,0,0.0033903448332439634,"{""A"":0.0033903448332439634,""B"":0.002415413534298083}",0.8240000000000001,0.821651081490397,0.9998053175586392,0,0.8220497049535689,0.050701649280716285,0.013866739882993305,0.065,0.06,0.0,0,0.20656872199898746,0.195,2.355,3,3.355,0.6480311197739788,3,2,[],209,0,[],[],[]
77,push,A,Push the red cube away from the robot,clean,clean,temporal,robust,0.75,3,0.01,raw,0,0,262202901,0,1,1,96,96,0,,0,96,success,success,0.7041966596517734,1.7074418569620573,1.3684668898886223,-0.10110573470592499,0.18705040216445923,0.8227048516273499,1.0,0.0314662565638003,1,1,68,1,1,95,0,0,,0,,0,0.002415413534298083,"{""B"":0.002415413534298083,""C"":0.002347756603924048}",0.82592280630961,0.8206096551667561,0.9791616573929787,0,0.8256723842238456,0.08015997971275658,0.009341523993064399,0.17708333333333334,0.0,0.0,0,0.5170806602330594,0.6458333333333334,1.0,3,2.0,0.8487774021735257,2,2,[],209,0,[],[],[]
78,pick,A,Pick up the red cube,clean,clean,temporal,robust,0.75,3,0.01,raw,0,0,533350089,0,1,1,82,88,0,,0,88,success,success,0.8806016932449355,2.2360203412655646,0.9760513630581338,0.06807953119277954,-0.11837054789066315,0.9041278958320618,1.0,0.004138917981437317,67,1,71,1,1,73,0,0,,0,,0,0.002415413534298083,"{""B"":0.002415413534298083,""C"":0.002354963633420821}",0.9060349328754632,0.8206096551667561,0.999990699389059,0,0.9060349328754632,0.0,0.002176888982700395,0.022727272727272728,0.0,0.0,0,0.4212212757207794,0.625,1.0568181818181819,3,2.0568181818181817,0.8400835390845258,3,7,[],375,0,[],[],[]
79,push,A,Push the red cube away from the robot,clean,clean,temporal,robust,0.75,3,0.01,raw,0,0,817418254,2,1,1,84,84,0,,0,84,success,success,0.6596332307192858,1.3130491096449977,0.259056119250918,0.1841076910495758,0.12447511404752731,0.8220106959342957,1.0,0.032666875723611606,1,1,68,1,0,0,0,0,,0,,0,0.002415413534298083,"{""B"":0.002415413534298083,""C"":0.002354334879174065}",0.8240000000000001,0.8206096551667561,0.9996968420455232,0,0.8221497653095029,0.07613289678325257,0.00986201621373382,0.0,0.14285714285714285,0.0,0,0.42318082336550217,0.5952380952380952,1.130952380952381,3,2.130952380952381,0.8275851083701795,3,1,[],190,0,[],[],[]
80,push,C,Push the green cylinder away from the robot,clean,clean,temporal,robust,0.75,3,0.01,raw,0,0,299344034,13,1,1,106,106,0,,0,106,success,success,0.7116537796247335,2.1365196942653486,1.3493859338783585,-0.12050065398216248,0.1935628205537796,0.8247857093811035,1.0,0.03926978912670614,1,1,73,1,0,0,0,0,,0,,0,0.0033903448332439634,"{""A"":0.0033903448332439634,""B"":0.002415413534298083}",0.8293864383343821,0.8216232979943578,0.9650823941919953,0,0.8284404357774187,0.06881501138413833,0.0201375632546183,0.1509433962264151,0.1320754716981132,0.0,0,0.4645362141809464,0.5188679245283019,1.3867924528301887,3,2.3867924528301887,0.7917205328811501,3,1,[],190,0,[],[],[]
81,pick,C,Pick up the green cylinder,clean,clean,temporal,robust,0.75,3,0.01,raw,0,0,1765203531,0,1,1,76,82,0,,0,82,success,success,0.9427421918319536,1.5781087903339812,0.947569492773607,0.02202128991484642,-0.07549018412828445,0.8976200819015503,1.0,0.004340758738680994,63,1,67,1,1,67,0,0,,0,,0,0.0033903448332439634,"{""A"":0.0033903448332439634,""B"":0.002415413534298083}",0.9040224493754756,0.8216390580520613,0.9999289187767317,0,0.9040224493754756,0.0,0.005644883702024671,0.0,0.0,0.0,0,0.39388466031401737,0.6341463414634146,1.024390243902439,3,2.024390243902439,0.844652608924118,3,5,[],319,0,[],[],[]
82,pick,B,Pick up the blue ball,clean,clean,temporal,robust,0.75,3,0.01,raw,0,0,29183620,0,1,1,81,87,0,,0,87,success,success,0.728691096698009,2.363458602356271,2.225183664546772,-0.12710797786712646,-0.0865246057510376,0.9036746025085449,1.0,0.011878506187738511,67,1,64,1,1,73,0,0,,0,,0,0.0033903448332439634,"{""A"":0.0033903448332439634,""C"":0.0023657989821891366}",0.9052657225145129,0.825364479071605,1.0,0,0.9052657225145129,0.0,0.010309867949715416,0.0,0.0,0.0,0,0.3317648188898757,0.6781609195402298,0.896551724137931,3,1.896551724137931,0.8638040872797386,3,3,[],321,0,[],[],[]
83,push,A,Push the red cube away from the robot,clean,clean,temporal,robust,0.75,3,0.01,raw,0,0,774465402,5,1,1,82,82,0,,0,82,success,success,0.6355261037826482,1.3133841488543307,0.7294394902280475,0.048717252910137177,0.16075287759304047,0.821505069732666,1.0,0.03172964071988203,1,1,66,1,0,0,0,0,,0,,0,0.002415413534298083,"{""B"":0.002415413534298083,""C"":0.0023541204281300626}",0.8240000000000001,0.8206096551667561,0.999923328996374,0,0.8221975520649445,0.07660872594390437,0.01220522862326244,0.04878048780487805,0.0,0.0,0,0.41076724229961636,0.6097560975609756,1.0975609756097562,3,2.097560975609756,0.8338057593929032,3,1,[],190,0,[],[],[]
84,push,B,Push the blue ball away from the robot,clean,clean,temporal,robust,0.75,3,0.01,raw,0,0,1223708850,2,1,1,74,74,0,,0,74,success,success,0.6805470634639075,1.3049103939836089,0.6172204584995564,0.10428260266780853,-0.15190361440181732,0.8258299231529236,1.0,0.03505501203714273,1,1,64,1,0,0,0,0,,0,,0,0.0033903448332439634,"{""A"":0.0033903448332439634,""C"":0.002358882715795818}",0.8280000000000001,0.825584586465702,1.0,0,0.8258717368766132,0.0820692501934456,0.004254764536700521,0.10810810810810811,0.0,0.0,0,0.4754066467497898,0.5405405405405406,1.1891891891891893,3,2.189189189189189,0.8136441755916929,3,3,[],281,0,[],[],[]
85,push,B,Push the blue ball away from the robot,clean,clean,temporal,robust,0.75,3,0.01,raw,0,0,1481387850,0,1,1,72,72,0,,0,72,success,success,0.5611125226469204,1.0078518383169761,0.37605485453735815,0.11174175143241882,0.10482258349657059,0.8256371021270752,1.0,0.034830965438739044,1,1,65,1,0,0,0,0,,0,,0,0.0033903448332439634,"{""A"":0.0033903448332439634,""C"":0.0023528238990334605}",0.8280000000000001,0.825584586465702,1.0,0,0.8259099894289497,0.0782191461158335,0.004138761610554141,0.1388888888888889,0.013888888888888888,0.0,0,0.43721111735586976,0.5694444444444444,1.1666666666666667,3,2.1666666666666665,0.819100154519301,3,3,[],264,0,[],[],[]
86,push,B,Push the blue ball away from the robot,clean,clean,temporal,robust,0.75,3,0.01,raw,0,0,409720910,1,1,1,76,76,0,,0,76,success,success,0.5412859568929208,0.9898186032060394,0.9182946354550791,0.1784723997116089,0.11644887179136276,0.8253875374794006,1.0,0.03492990936294205,1,1,67,1,0,0,0,0,,0,,0,0.0033903448332439634,"{""A"":0.0033903448332439634,""C"":0.0023591866987413873}",0.8280000000000001,0.825584586465702,1.0,0,0.8258843904217188,0.08639427638199783,0.0066055206356769,0.14473684210526316,0.02631578947368421,0.0,0,0.44976099328515756,0.5526315789473685,1.1842105263157894,3,2.1842105263157894,0.816918019260922,3,5,[],302,0,[],[],[]
87,push,B,Push the blue ball away from the robot,clean,clean,temporal,robust,0.75,3,0.01,raw,0,0,1465117162,5,1,1,75,75,0,,0,75,success,success,0.3591417987145359,0.8773852640289345,0.2538957649777822,0.039320655167102814,0.14692753553390503,0.8256378173828125,1.0,0.03543632956615696,1,1,74,1,0,0,0,0,,0,,0,0.0033903448332439634,"{""A"":0.0033903448332439634,""C"":0.002361373617911968}",0.8280000000000001,0.825584586465702,1.0,0,0.8259075267500131,0.07216849270633569,0.0003778685449949162,0.09333333333333334,0.0,0.0,0,0.4713676142426914,0.52,1.2533333333333334,3,2.2533333333333334,0.8042696977630089,3,4,[],265,0,[],[],[]
88,pick,C,Pick up the green cylinder,clean,clean,temporal,robust,0.75,3,0.01,raw,0,0,1164170631,0,0,0,0,0,0,,0,200,horizon,grasp_failed_after_contact,1.1178160557739185,3.8583964527924293,1.0935682676559466,0.13096429407596588,-0.09850851446390152,0.8216785192489624,1.0,0.030790865040721684,60,1,53,1,0,0,0,0,,0,,0,0.0033903448332439634,"{""A"":0.0033903448332439634,""B"":0.002415413534298083}",0.8344219726937657,0.8203462428552936,0.8412599414587021,0,0.8220818948293738,0.0,0.00955300750142573,0.045,0.0,0.0,0,0.34438221220397713,0.625,1.095,3,2.095,0.8362453827334339,16,9,[],624,0,[],[],[]
89,push,A,Push the red cube away from the robot,clean,clean,temporal,robust,0.75,3,0.01,raw,0,0,276078191,8,1,1,86,86,0,,0,86,success,success,0.4517257723029324,1.120699900590618,0.7418942075913432,0.18884684145450592,0.14971616864204407,0.8231439590454102,1.0,0.0342906818862252,1,1,69,1,0,0,0,0,,0,,0,0.002415413534298083,"{""B"":0.002415413534298083,""C"":0.0023682717752716346}",0.8240000000000001,0.8206096551667561,0.9965966209128965,0,0.8237147291074238,0.0772416460130419,0.014150549157210536,0.023255813953488372,0.12790697674418605,0.0,0,0.4344590416847832,0.5697674418604651,1.2209302325581395,3,2.2209302325581395,0.8156798618176636,3,2,[],209,0,[],[],[]
90,push,A,Push the red cube away from the robot,clean,clean,temporal,robust,0.75,3,0.01,raw,0,0,2118584487,4,1,1,83,83,0,,0,83,success,success,0.9451863931662005,1.6254343764618064,1.6254343764618064,0.18192490935325623,-0.12846991419792175,0.8217124342918396,1.0,0.03391095786084044,1,1,67,1,0,0,0,0,,0,,0,0.002415413534298083,"{""B"":0.002415413534298083,""C"":0.0023710444549418963}",0.8240000000000001,0.8206096551667561,0.999979607460773,0,0.8221345843087386,0.07180704030124951,0.014362090194256301,0.0,0.14457831325301204,0.0,0,0.41383480940392053,0.5903614457831325,1.1566265060240963,3,2.1566265060240966,0.825091935044078,3,1,[],190,0,[],[],[]
91,push,C,Push the green cylinder away from the robot,clean,clean,temporal,robust,0.75,3,0.01,raw,0,0,269014865,2,1,1,85,85,0,,0,85,success,success,0.9907840577204655,1.8504963151159153,0.8123474499966853,0.19585855305194855,-0.04498889297246933,0.8234594464302063,1.0,0.04242154606404836,1,1,70,1,0,0,0,0,,0,,0,0.0033903448332439634,"{""A"":0.0033903448332439634,""B"":0.002415413534298083}",0.8247474872056276,0.8216528697220831,0.997899895941373,0,0.8247474872056276,0.07406808630165714,0.00264183872475345,0.0,0.2235294117647059,0.0,0,0.41007897853684827,0.5647058823529412,1.2352941176470589,3,2.235294117647059,0.8135113896037537,3,1,[],190,0,[],[],[]
92,pick,C,Pick up the green cylinder,clean,clean,temporal,robust,0.75,3,0.01,raw,0,0,1790635791,0,1,1,79,85,0,,0,85,success,success,0.645939792979986,1.753351499245512,1.753351499245512,0.05959761515259743,0.09175970405340195,0.9123592376708984,1.0,0.005495560499963319,67,1,69,1,1,71,0,0,,0,,0,0.0033903448332439634,"{""A"":0.0033903448332439634,""B"":0.002415413534298083}",0.9049282635896018,0.821640552606724,0.9998380650813488,0,0.9049282635896018,0.0,0.00481874298348146,0.0,0.0,0.0,0,0.4018182345441698,0.6352941176470588,1.0235294117647058,3,2.023529411764706,0.8449034482470338,3,4,[],348,0,[],[],[]
93,pick,A,Pick up the red cube,clean,clean,temporal,robust,0.75,3,0.01,raw,0,0,455845045,0,0,0,0,0,0,,0,200,horizon,grasp_failed_after_contact,1.6981550719847431,8.211875178823904,2.920052134053618,-0.10584305226802826,-0.09954291582107544,0.8299250602722168,1.0,0.025666666233699398,127,1,131,1,0,0,0,0,,0,,0,0.002415413534298083,"{""B"":0.002415413534298083,""C"":0.002377230283739418}",0.8240000000000001,0.8206096551667561,0.9979891022958327,0,0.8230606950704076,0.0,0.008538855132194108,0.0,0.0,0.0,0,0.2719694786539868,0.385,1.62,3,2.62,0.7515359798926792,5,17,[],925,0,[],[],[]
94,pick,A,Pick up the red cube,clean,clean,temporal,robust,0.75,3,0.01,raw,0,0,1815940273,0,1,1,75,80,0,,0,80,success,success,0.8758703313542519,2.2773456453475207,0.5719574559806981,-0.06313586235046387,-0.10105720907449722,0.9007353782653809,1.0,0.0017620258349975132,60,1,65,1,1,65,0,0,,0,,0,0.002415413534298083,"{""B"":0.002415413534298083,""C"":0.002354529333756631}",0.9036821088688511,0.8206096551667561,0.9999571116004518,0,0.9036821088688511,0.0,0.006855061290400127,0.0,0.0,0.0,0,0.36188347857863495,0.6625,0.9375,3,1.9375,0.8574459553014633,3,8,[],392,0,[],[],[]
95,push,B,Push the blue ball away from the robot,clean,clean,temporal,robust,0.75,3,0.01,raw,0,0,573930580,3,1,1,69,69,0,,0,69,success,success,0.883978699655914,1.7822735993676921,1.3742785626301137,-0.030745554715394974,-0.13985639810562134,0.8259124159812927,1.0,0.03559041106760271,1,1,58,1,0,0,0,0,,0,,0,0.0033903448332439634,"{""A"":0.0033903448332439634,""C"":0.0023581482350419104}",0.8280000000000001,0.8255419907913911,1.0,0,0.8255419907913911,0.07513168378291128,0.026245762335161266,0.18840579710144928,0.0,0.0,0,0.5403778872657,0.6086956521739131,1.0724637681159421,3,2.072463768115942,0.8352202162109226,3,3,[],246,0,[],[],[]
96,pick,A,Pick up the red cube,clean,clean,temporal,robust,0.75,3,0.01,raw,0,0,1059174535,0,1,1,81,86,0,,0,86,success,success,0.8968591186831488,2.265873614967441,2.023717063471772,0.05812186747789383,0.10753314942121506,0.8990983366966248,1.0,0.0035481911302897877,66,1,71,1,1,72,0,0,,0,,0,0.002415413534298083,"{""B"":0.002415413534298083,""C"":0.0023701454398823685}",0.9061525577524844,0.8206096551667561,0.9999952655065343,0,0.9061525577524844,0.0,0.0009751014867492451,0.046511627906976744,0.0,0.0,0,0.45631748062973987,0.627906976744186,1.0465116279069768,3,2.046511627906977,0.8415357240723031,3,4,[],265,0,[],[],[]
97,pick,C,Pick up the green cylinder,clean,clean,temporal,robust,0.75,3,0.01,raw,0,0,1098248379,0,1,1,79,85,0,,0,85,success,success,0.676329468358037,2.055476419658966,1.4082697735429224,0.05681911110877991,-0.10258933901786804,0.9087011218070984,1.0,0.002609757943273086,66,1,69,1,1,70,0,0,,0,,0,0.0033903448332439634,"{""A"":0.0033903448332439634,""B"":0.002415413534298083}",0.9045843703259597,0.8216318937657698,0.9999737609978183,0,0.9045843703259597,0.0,0.004821411791968605,0.0,0.0,0.0,0,0.39864405427628574,0.6235294117647059,1.0588235294117647,3,2.0588235294117645,0.8396714384731537,3,6,[],338,0,[],[],[]
98,pick,B,Pick up the blue ball,clean,clean,temporal,robust,0.75,3,0.01,raw,0,0,1980212307,0,1,1,82,88,0,,0,88,success,success,0.4577272070248983,1.1708957986614605,0.9241909456367696,0.12158353626728058,0.11516612023115158,0.9098053574562073,1.0,0.003487313262312879,69,1,73,1,1,74,0,0,,0,,0,0.0033903448332439634,"{""A"":0.0033903448332439634,""C"":0.0023647775896099383}",0.9059622191493375,0.825584586465702,1.0,0,0.9059622191493375,0.0,0.0018821057507653455,0.06818181818181818,0.0,0.0,0,0.42587032739303476,0.6022727272727273,1.125,3,2.125,0.8299762474758942,3,4,[],333,0,[],[],[]
99,push,A,Push the red cube away from the robot,clean,clean,temporal,robust,0.75,3,0.01,raw,0,0,445877071,1,1,1,79,79,0,,0,79,success,success,0.6632826308694317,1.346782320775124,1.0395939986802354,-0.0621240995824337,-0.13073879480361938,0.822242796421051,1.0,0.03190013361316161,1,1,63,1,0,0,0,0,,0,,0,0.002415413534298083,"{""B"":0.002415413534298083,""C"":0.002362437064563752}",0.8240000000000001,0.8206096551667561,0.9999710345173298,0,0.8219882489364024,0.0821156427362341,0.009917857049744218,0.12658227848101267,0.17721518987341772,0.0,0,0.5111124373202213,0.6962025316455697,0.8354430379746836,3,1.8354430379746836,0.8725296065374234,3,1,[],190,0,[],[],[]
100,pick,C,Pick up the green cylinder,clean,clean,temporal,robust,0.75,3,0.01,raw,0,0,1199365379,0,1,1,83,89,0,,0,89,success,success,1.1270799271214293,3.2953334072329623,3.2953334072329623,-0.13943363726139069,-0.1162974163889885,0.8994914293289185,1.0,0.013037072734279873,69,1,66,1,1,74,0,0,,0,,0,0.0033903448332439634,"{""A"":0.0033903448332439634,""B"":0.002415413534298083}",0.9064214275173066,0.8216277672167954,0.9996433174164849,0,0.9064214275173066,0.0,0.01592281634367328,0.0,0.0,0.0,0,0.35435579837713865,0.6629213483146067,0.9438202247191011,3,1.9438202247191012,0.8568709430536817,3,4,[],334,0,[],[],[]
101,push,B,Push the blue ball away from the robot,clean,clean,temporal,robust,0.75,3,0.01,raw,0,0,1077275937,2,1,1,75,75,0,,0,75,success,success,0.4890155175950974,0.950758254290576,0.5316565515869601,0.06835830211639404,0.1086144670844078,0.8257502317428589,1.0,0.03418527833052532,1,1,65,1,0,0,0,0,,0,,0,0.0033903448332439634,"{""A"":0.0033903448332439634,""C"":0.0023483968610863728}",0.8280000000000001,0.825584586465702,1.0,0,0.8259095530512941,0.073734027733655,0.0011402821501399962,0.06666666666666667,0.013333333333333334,0.0,0,0.4306334748194472,0.52,1.28,3,2.28,0.802617704030273,3,4,[],247,0,[],[],[]
102,push,A,Push the red cube away from the robot,clean,clean,temporal,robust,0.75,3,0.01,raw,0,0,1713122111,0,1,1,75,75,0,,0,75,success,success,1.251166526530718,1.7561803275001977,0.6935928299838455,-0.11746029555797577,0.18680882453918457,0.822425127029419,1.0,0.031384132510812554,1,1,58,1,1,67,68,0,,0,,0,0.002415413534298083,"{""B"":0.002415413534298083,""C"":0.002380390395634004}",0.8240000000000001,0.8206096551667561,0.9999386195977422,0,0.8219840178506387,0.07035917540590907,0.014507532284694202,0.18666666666666668,0.0,0.0,0,0.5442781999198347,0.6666666666666666,0.92,3,1.92,0.8598015744756886,3,3,[],308,0,[],[],[]
103,push,B,Push the blue ball away from the robot,clean,clean,temporal,robust,0.75,3,0.01,raw,0,0,350596580,13,1,1,69,69,0,,0,69,success,success,0.7983684772176975,2.792585982432234,2.495105515308171,-0.09378397464752197,-0.1791338324546814,0.8258859515190125,1.0,0.03593582867956722,1,1,58,1,0,0,0,0,,0,,0,0.0033903448332439634,"{""A"":0.0033903448332439634,""C"":0.0023779953027093913}",0.8280000000000001,0.825584586465702,1.0,0,0.825863728787556,0.08353398838634359,7.781106234621054e-05,0.4057971014492754,0.0,0.0,0,0.608830815007007,0.6086956521739131,1.0,3,2.0,0.8434610910041833,3,3,[],294,0,[],[],[]
104,pick,B,Pick up the blue ball,clean,clean,temporal,robust,0.75,3,0.01,raw,0,0,68859152,0,1,1,77,82,0,,0,82,success,success,0.6682977507708104,2.7627838166884118,0.28298307332529865,0.01739487424492836,-0.0037068184465169907,0.8969919085502625,1.0,0.003383492861905199,63,1,67,1,1,68,0,0,,0,,0,0.0033903448332439634,"{""A"":0.0033903448332439634,""C"":0.002351887053024461}",0.9034911551378499,0.825479794642593,1.0,0,0.9034911551378499,0.0,0.0024209192425337055,0.0,0.0,0.0,0,0.35889317702031753,0.6463414634146342,0.9878048780487805,3,1.9878048780487805,0.8500760336897253,3,4,[],316,0,[],[],[]
105,push,C,Push the green cylinder away from the robot,clean,clean,temporal,robust,0.75,3,0.01,raw,0,0,473992873,3,1,1,102,102,0,,0,102,success,success,1.0367788253708297,2.1799600560361148,0.8754950399158051,-0.14887437224388123,-0.179848775267601,0.8237272500991821,1.0,0.042661562499237485,1,1,87,1,0,0,0,0,,0,,0,0.0033903448332439634,"{""A"":0.0033903448332439634,""B"":0.002415413534298083}",0.8240000000000001,0.8216297959299619,0.9999764488711662,0,0.822985041782996,0.09219330820598474,0.0032591184372723885,0.12745098039215685,0.21568627450980393,0.0,0,0.44808132422359265,0.5,1.4411764705882353,3,2.4411764705882355,0.7835527106411952,2,2,[],325,0,[],[],[]
106,pick,A,Pick up the red cube,clean,clean,temporal,robust,0.75,3,0.01,raw,0,0,726087903,0,1,1,73,79,0,,0,79,success,success,1.1168466514663684,3.989502175922198,2.009167585147294,-0.1035042554140091,-0.06681544333696365,0.9140452146530151,1.0,0.007737944677800194,57,1,37,1,1,64,0,0,,0,,0,0.002415413534298083,"{""B"":0.002415413534298083,""C"":0.002343284449855476}",0.9071464403829715,0.8206096551667561,0.9998557739418175,0,0.9071464403829715,0.0,0.009432961706085593,0.0,0.0,0.0,0,0.3451341562028193,0.7215189873417721,0.759493670886076,3,1.759493670886076,0.8837883617470386,3,9,[],549,0,[],[],[]
107,push,C,Push the green cylinder away from the robot,clean,clean,temporal,robust,0.75,3,0.01,raw,0,0,951856953,11,1,1,168,168,0,,0,168,success,success,0.5189746902291733,1.36456535251164,0.6000767540778839,0.06593546271324158,-0.18414157629013062,0.8230807781219482,1.0,0.03836932094363098,1,1,67,1,0,0,0,0,,0,,0,0.0033903448332439634,"{""A"":0.0033903448332439634,""B"":0.002415413534298083}",0.8242672382119747,0.8216378998755915,0.998786544718314,0,0.8233280404210683,0.09738796344961705,0.005436140674463332,0.03571428571428571,0.08333333333333333,0.0,0,0.26570060773308823,0.3392857142857143,1.9285714285714286,3,2.9285714285714284,0.7106996706131301,4,1,[],190,0,[],[],[]
108,push,C,Push the green cylinder away from the robot,clean,clean,temporal,robust,0.75,3,0.01,raw,0,0,1538917526,12,1,1,86,86,0,,0,86,success,success,0.7689911319730018,1.3005936597346583,1.0015657472247388,-0.021187674254179,0.171592116355896,0.8224956393241882,1.0,0.0383578580524815,1,1,71,1,0,0,0,0,,0,,0,0.0033903448332439634,"{""A"":0.0033903448332439634,""B"":0.002415413534298083}",0.8240000000000001,0.8216472422487089,0.999960386654493,0,0.8222160079184033,0.07424515334927523,0.0034238409302785114,0.11627906976744186,0.1744186046511628,0.0,0,0.4295202654188703,0.5348837209302325,1.3255813953488371,3,2.3255813953488373,0.80016634446488,3,0,[],0,0,[],[],[]
109,push,C,Push the green cylinder away from the robot,clean,clean,temporal,robust,0.75,3,0.01,raw,0,0,1638805059,15,1,1,83,83,0,,0,83,success,success,0.952300348868929,1.4556303869276217,0.9017926323234091,0.19025437533855438,0.08185411989688873,0.8236010074615479,1.0,0.039578403034386395,1,1,69,1,0,0,0,0,,0,,0,0.0033903448332439634,"{""A"":0.0033903448332439634,""B"":0.002415413534298083}",0.8254549212630665,0.8216443300169072,0.994438823312521,0,0.8232103145670405,0.0833839279629159,0.02612074185147745,0.012048192771084338,0.21686746987951808,0.0,0,0.44220803702107253,0.5783132530120482,1.1927710843373494,3,2.1927710843373496,0.8197338527455261,3,1,[],190,0,[],[],[]
110,push,B,Push the blue ball away from the robot,clean,clean,temporal,robust,0.75,3,0.01,raw,0,0,398220584,0,1,1,75,75,0,,0,75,success,success,0.4676404104076901,1.2111582456736343,0.6895918041971645,0.18814371526241302,-0.13267512619495392,0.8256331086158752,1.0,0.03534435581255884,1,1,64,1,0,0,0,0,,0,,0,0.0033903448332439634,"{""A"":0.0033903448332439634,""C"":0.0023595671664267655}",0.8280000000000001,0.8254745790835946,1.0,0,0.8259055292799544,0.08973339509438757,0.0032244549075870336,0.12,0.013333333333333334,0.0,0,0.47650205704225507,0.56,1.16,3,2.16,0.8204065372614651,3,3,[],279,0,[],[],[]
111,push,C,Push the green cylinder away from the robot,clean,clean,temporal,robust,0.75,3,0.01,raw,0,0,1611976593,7,1,1,82,82,0,,0,82,success,success,0.5988183953946903,1.1427077086891542,0.5165158301169817,0.09285037219524384,0.19070246815681458,0.8242408633232117,1.0,0.0396998507258861,1,1,67,1,0,0,0,0,,0,,0,0.0033903448332439634,"{""A"":0.0033903448332439634,""B"":0.002415413534298083}",0.8245320545727969,0.8216687494734272,0.9967666121956427,0,0.8231448215517853,0.08024155828124983,0.03845703828838961,0.036585365853658534,0.24390243902439024,0.0,0,0.4449154909695562,0.6219512195121951,1.0609756097560976,3,2.0609756097560976,0.8392291841585107,3,1,[],190,0,[],[],[]
112,pick,A,Pick up the red cube,clean,clean,temporal,robust,0.75,3,0.01,raw,0,0,761888308,0,1,1,81,86,0,,0,86,success,success,0.5157069258970624,1.225597952041419,0.6314716616072117,0.06760843098163605,-0.1084052249789238,0.8942665457725525,1.0,0.00422634442455298,66,1,71,1,1,72,0,0,,0,,0,0.002415413534298083,"{""B"":0.002415413534298083,""C"":0.0023680817209345995}",0.903646797734778,0.8206096551667561,0.999958757413431,0,0.903646797734778,0.0,0.0010231258951636341,0.046511627906976744,0.0,0.0,0,0.4589696160592524,0.6046511627906976,1.1162790697674418,3,2.116279069767442,0.8311933791704473,3,3,[],321,0,[],[],[]
113,push,C,Push the green cylinder away from the robot,clean,clean,temporal,robust,0.75,3,0.01,raw,0,0,1187395355,13,1,1,73,73,0,,0,73,success,success,0.7912472174446409,1.4510227339194375,0.7961062451387964,-0.09513738751411438,-0.1538107991218567,0.8225218057632446,1.0,0.038643991630755735,1,1,59,1,0,0,0,0,,0,,0,0.0033903448332439634,"{""A"":0.0033903448332439634,""B"":0.002415413534298083}",0.8240000000000001,0.8216379914086348,0.9999784647358183,0,0.8228269127098542,0.08787886789441751,0.0038883050965182533,0.2054794520547945,0.0684931506849315,0.0,0,0.5641787608161467,0.6712328767123288,0.9041095890410958,3,1.904109589041096,0.8620525878966637,3,3,[],329,0,[],[],[]
114,pick,C,Pick up the green cylinder,clean,clean,temporal,robust,0.75,3,0.01,raw,0,0,1620277874,1,1,1,82,88,0,,0,88,success,success,0.464157060634591,1.0712088514067044,0.6613411651184113,0.12434007227420807,-0.0485842265188694,0.903456449508667,1.0,0.0017522506678650743,70,1,73,1,1,74,0,0,,0,,0,0.0033903448332439634,"{""A"":0.0033903448332439634,""B"":0.002415413534298083}",0.904945077825254,0.8216512224076092,0.9999571158391234,0,0.904945077825254,0.0,0.0029315281316671738,0.10227272727272728,0.0,0.0,0,0.4273850270617835,0.6022727272727273,1.125,3,2.125,0.8299762474758942,3,1,[],190,0,[],[],[]
115,pick,A,Pick up the red cube,clean,clean,temporal,robust,0.75,3,0.01,raw,0,0,1118115399,0,1,1,82,88,0,,0,88,success,success,0.8588095730752658,1.487554795765081,0.998579536471849,0.05810106545686722,-0.0801532194018364,0.8943659067153931,1.0,0.005243033838589842,67,1,70,1,1,73,0,0,,0,,0,0.002415413534298083,"{""B"":0.002415413534298083,""C"":0.002381334510253756}",0.9068154391462819,0.8206096551667561,0.999993484386323,0,0.9068154391462819,0.0,0.005072606183585557,0.03409090909090909,0.0,0.0,0,0.39652924324650185,0.6363636363636364,1.0227272727272727,3,2.022727272727273,0.8451371848888417,3,2,[],289,0,[],[],[]
116,push,B,Push the blue ball away from the robot,clean,clean,temporal,robust,0.75,3,0.01,raw,0,0,2034282971,11,1,1,77,77,0,,0,77,success,success,0.5841873078327511,1.956277986738338,1.956277986738338,0.1754031479358673,0.17170575261116028,0.8258386254310608,1.0,0.03502445635124902,1,1,67,1,0,0,0,0,,0,,0,0.0033903448332439634,"{""A"":0.0033903448332439634,""C"":0.0023552300285374322}",0.8280000000000001,0.825584586465702,1.0,0,0.8259050353030554,0.0838933043727378,0.008930052654845607,0.07792207792207792,0.012987012987012988,0.0,0,0.5021125913712652,0.5194805194805194,1.2467532467532467,3,2.2467532467532467,0.8077445169126036,3,6,[],303,0,[],[],[]
117,pick,A,Pick up the red cube,clean,clean,temporal,robust,0.75,3,0.01,raw,0,0,1724145358,0,1,1,85,91,0,,0,91,success,success,0.6612272173863186,1.743108956901492,1.2021372613262786,0.12541308999061584,0.0425700806081295,0.9114823341369629,1.0,0.008080713767770855,71,1,75,1,1,77,0,0,,0,,0,0.002415413534298083,"{""B"":0.002415413534298083,""C"":0.00237324001542176}",0.9084172650245231,0.8206096551667561,0.9998862356987956,0,0.9084172650245231,0.0,0.0007356115054433911,0.0989010989010989,0.0,0.0,0,0.4250656592364686,0.6153846153846154,1.0879120879120878,3,2.087912087912088,0.835581426130535,3,3,[],329,0,[],[],[]
118,push,B,Push the blue ball away from the robot,clean,clean,temporal,robust,0.75,3,0.01,raw,0,0,1949361302,1,1,1,73,73,0,,0,73,success,success,0.7931508537880458,2.4185890411257898,2.1283780803363306,0.16004908084869385,0.17497852444648743,0.8266279697418213,1.0,0.03433128961455898,1,1,63,1,0,0,0,0,,0,,0,0.0033903448332439634,"{""A"":0.0033903448332439634,""C"":0.002363179228892232}",0.8280000000000001,0.825518074854874,1.0,0,0.8258742390945,0.0837064911621292,0.001308208522384995,0.1232876712328767,0.0136986301369863,0.0,0,0.4692815166907717,0.547945205479452,1.1232876712328768,3,2.1232876712328768,0.8271974446812721,3,6,[],303,0,[],[],[]
119,pick,C,Pick up the green cylinder,clean,clean,temporal,robust,0.75,3,0.01,raw,0,0,1594446865,1,1,1,76,82,0,,0,82,success,success,0.6931255800396835,2.5220300414544288,0.9796353954902195,-0.03100445866584778,-0.11596988886594772,0.8991052508354187,1.0,0.0016729417908004321,63,1,65,1,1,67,0,0,,0,,0,0.0033903448332439634,"{""A"":0.0033903448332439634,""B"":0.002415413534298083}",0.9038670096441824,0.8216883423458405,0.999966803755342,0,0.9038670096441824,0.0,0.007673847461933461,0.0,0.0,0.0,0,0.37339817920840485,0.6463414634146342,0.9878048780487805,3,1.9878048780487805,0.8500760336897253,3,4,[],358,0,[],[],[]
120,pick,C,Pick up the green cylinder,clean,clean,temporal,robust,0.75,3,0.01,raw,0,0,26700981,0,1,1,79,85,0,,0,85,success,success,0.6129876070697645,1.9692807714420786,0.9928902527640544,0.09656886756420135,-0.1294974535703659,0.906266987323761,1.0,0.007426443896333032,66,1,70,1,1,70,0,0,,0,,0,0.0033903448332439634,"{""A"":0.0033903448332439634,""B"":0.002415413534298083}",0.903932775250658,0.8216495727921099,0.9999271598535415,0,0.903932775250658,0.0,0.0034742726214333783,0.0,0.0,0.0,0,0.46164783364927264,0.5882352941176471,1.1647058823529413,3,2.164705882352941,0.8239754091515139,3,5,[],337,0,[],[],[]
