epoch,train_total,val_total,val_pose,val_gripper_bce,val_gripper_accuracy,val_phase_accuracy,val_contact_accuracy,val_grasp_accuracy,val_lift_transition_joint_accuracy,val_lift_transition_samples,val_xyz_mae,val_rpy_mae,val_grounding_cm,val_target_selection_accuracy,val_target_class_accuracy,initial_val_total,initial_val_xyz_mae,initial_val_grounding_cm,initial_val_target_selection_accuracy,initial_val_target_class_accuracy,selection_score,main_lr,vision_lr,best_selection_score,pick_A_first_action_mae,pick_A_first_grip_acc,initial_pick_A_grounding_cm,initial_pick_A_first_xyz_mae,initial_pick_A_first_rpy_mae,initial_pick_A_target_acc,initial_pick_A_target_class_acc,pick_B_first_action_mae,pick_B_first_grip_acc,initial_pick_B_grounding_cm,initial_pick_B_first_xyz_mae,initial_pick_B_first_rpy_mae,initial_pick_B_target_acc,initial_pick_B_target_class_acc,pick_C_first_action_mae,pick_C_first_grip_acc,initial_pick_C_grounding_cm,initial_pick_C_first_xyz_mae,initial_pick_C_first_rpy_mae,initial_pick_C_target_acc,initial_pick_C_target_class_acc,push_A_first_action_mae,push_A_first_grip_acc,initial_push_A_grounding_cm,initial_push_A_first_xyz_mae,initial_push_A_first_rpy_mae,initial_push_A_target_acc,initial_push_A_target_class_acc,push_B_first_action_mae,push_B_first_grip_acc,initial_push_B_grounding_cm,initial_push_B_first_xyz_mae,initial_push_B_first_rpy_mae,initial_push_B_target_acc,initial_push_B_target_class_acc,push_C_first_action_mae,push_C_first_grip_acc,initial_push_C_grounding_cm,initial_push_C_first_xyz_mae,initial_push_C_first_rpy_mae,initial_push_C_target_acc,initial_push_C_target_class_acc
1,0.7054475831178327,0.43238147695859275,0.32323680834637747,0.012959604436117742,0.9963466886017057,0.9180367327398724,0.9777777777777777,0.9854166666666667,1.0,60,0.0750682934704754,0.019400461494094797,1.0146775076786676,1.0,1.0,0.5800783650010033,0.06960168869885723,0.9279979572886914,1.0,1.0,0.4766905433713159,1.4e-05,4.6666666666666666e-07,0.4766905433713159,0.05274191424250603,0.9677083333333333,0.9986240565776825,0.07779554799199104,0.2173251872882247,1.0,1.0,0.039240378711838275,0.96875,0.9122188568115235,0.07276757806539536,0.021805765107274055,1.0,1.0,0.039169929510292904,0.9625,0.9007877588272095,0.07230271399021149,0.018949180841445923,1.0,1.0,0.0648389954585582,1.0,0.9201663911342621,0.056360647082328796,0.2520135037600994,1.0,1.0,0.07778174681589008,1.0,0.8394387685335599,0.05036877324947944,0.1978044739136329,1.0,1.0,0.06916101058789839,1.0,0.9657560616731644,0.06074048113077879,0.2566599637269974,1.0,1.0
2,0.42508628787472846,0.32067231254445183,0.24394522574212815,0.007942681852728128,0.9969116333458159,0.948003692428271,0.9838541666666667,0.9928819444444444,0.9,60,0.04763710683004724,0.013700560273395643,1.0616822451353074,1.0,1.0,0.46956911340224006,0.05362264001000244,1.074096015069337,1.0,1.0,0.41534135280178824,2.2000000000000003e-05,7.333333333333333e-07,0.41534135280178824,0.036013853557718294,0.9760416666666667,1.138098567724228,0.08583906833082437,0.213722862303257,1.0,1.0,0.02388334183876092,0.9854166666666667,1.0124905109405518,0.08601094484329223,0.01942143253982067,1.0,1.0,0.024072182772215456,0.9833333333333333,0.954756760597229,0.06930548697710037,0.017364223301410676,1.0,1.0,0.04193261247128248,1.0,1.2017654418945312,0.05242158370092511,0.11793691935017706,1.0,1.0,0.05653984873012329,1.0,0.8744043386899508,0.06116727223763099,0.046708062291145325,1.0,1.0,0.04564146895815308,1.0,1.193168306350708,0.06305601596832275,0.17708726562559604,1.0,1.0
3,0.3429280016105622,0.3040466238227155,0.21980681891242662,0.017195774645208276,0.9957153118318982,0.9470640983846452,0.9758680555555556,0.9932291666666667,0.9,60,0.0402690039223267,0.01136673254530049,0.9783192568355137,1.0,1.0,0.41094755836292707,0.05195973177267387,0.9150929783297851,1.0,1.0,0.38611690418477895,3e-05,1e-06,0.38611690418477895,0.02927298980842655,0.9791666666666666,1.168298029899597,0.0711631515994668,0.21383217051625253,1.0,1.0,0.01903578290560593,0.9833333333333333,0.7706029653549195,0.06229308098554611,0.014513489976525306,1.0,1.0,0.01894528030146224,0.9802083333333333,0.8828468799591065,0.05566049963235855,0.012289725989103318,1.0,1.0,0.03274969302583486,1.0,0.9946812570095063,0.06892149560153485,0.07139655388891697,1.0,1.0,0.04742984971186767,1.0,0.8474322465749887,0.07636143840276279,0.03362332169826214,1.0,1.0,0.03614167586977904,1.0,0.8030152186751366,0.08366349153220654,0.13205937165766954,1.0,1.0
4,0.30196890962154915,0.2584993503159947,0.19307148141993416,0.006178079151545212,0.9978269547224045,0.9613611419995626,0.9869791666666666,0.9934027777777777,0.8666666666666667,60,0.03154037368690802,0.010239222639292065,1.0951015886333253,1.0,1.0,0.34050881387913123,0.03764528825681294,1.015977157955676,1.0,1.0,0.3497688560516023,2.9947763583866635e-05,9.982587861288877e-07,0.3497688560516023,0.026837394008180127,0.9833333333333333,1.031917968392372,0.061070226971060036,0.21262239934876562,1.0,1.0,0.017521741113159805,0.9854166666666667,0.9621143817901612,0.05282475799322128,0.010708166658878327,1.0,1.0,0.016943891880024844,0.9854166666666667,1.1520999431610108,0.05078916102647781,0.010832487791776656,1.0,1.0,0.027645094745093957,1.0,1.0397673070430755,0.03674045875668526,0.03586842343211174,1.0,1.0,0.040716466455099486,1.0,0.6403678563924936,0.03867351894195263,0.03504797128530649,1.0,1.0,0.028583371264782425,1.0,1.1381323099136353,0.05347786545753479,0.07844847906380892,1.0,1.0
5,0.27299972030644615,0.2424948287506898,0.18154575837155182,0.007712217261440755,0.9976350688272052,0.9644233839379417,0.9878472222222222,0.9927083333333333,0.9666666666666667,60,0.027524646304340827,0.009407093246570892,1.0403009646468693,1.0,1.0,0.313127889042407,0.03569288583126216,0.9405687836419164,1.0,1.0,0.28035141350487164,2.9791430700041773e-05,9.930476900013924e-07,0.28035141350487164,0.023377853928832338,0.9895833333333334,0.8459151685237885,0.0583030148409307,0.20641926415264605,1.0,1.0,0.014677952286244059,0.9822916666666667,0.8446808397769928,0.04883921891450882,0.008377291448414325,1.0,1.0,0.015067164023639635,0.9875,1.0393778800964355,0.043780367076396945,0.009704034402966499,1.0,1.0,0.023611800263946256,1.0,1.1604504019021988,0.033658532332628964,0.031443779543042186,1.0,1.0,0.03537424110497037,1.0,0.7133791996882513,0.038785261603502125,0.028309589968277857,1.0,1.0,0.02499867754910762,1.0,0.9600927859544754,0.048002888448536396,0.049741179868578914,1.0,1.0
6,0.2567618645960465,0.23226263667974206,0.17408410248657066,0.005047315657551129,0.9969416754113303,0.9678177416324616,0.9875,0.9944444444444445,0.9666666666666667,60,0.025742095429450274,0.008999390625912282,0.9230325096183353,1.0,1.0,0.3046828092990723,0.03127745046090763,0.8986625634463488,1.0,1.0,0.2706553551322078,2.9532127730535737e-05,9.844042576845245e-07,0.2706553551322078,0.020823697885498406,0.9875,0.8548212856054306,0.04695955673232675,0.2019905276596546,1.0,1.0,0.013819055548325802,0.9864583333333333,0.7719409108161926,0.031848029047250745,0.007732073031365872,1.0,1.0,0.013597627515749385,0.9864583333333333,1.0047099113464355,0.039168070256710055,0.007910453155636788,1.0,1.0,0.023283097262416657,1.0,0.9471504867076874,0.029360175132751465,0.020338803250342607,1.0,1.0,0.03206653152204429,1.0,0.6355289129110483,0.0284982266334387,0.021956015091675978,1.0,1.0,0.024800073388420666,1.0,1.0857272684574126,0.04111399278044701,0.07639857996255159,1.0,1.0
7,0.24375650162498155,0.2323107312950823,0.17424712363216613,0.0056297367557716724,0.9976367496781879,0.9672154664993287,0.98125,0.9934027777777777,1.0,60,0.026608353848051693,0.008609976221082939,0.9545730584197574,1.0,1.0,0.2913280318004895,0.03269178667559033,0.884373515053133,1.0,1.0,0.2500159214467044,2.917172295918572e-05,9.723907653061906e-07,0.2500159214467044,0.02385429236649846,0.9833333333333333,0.9230664104223252,0.06043834090232849,0.17806681552901865,1.0,1.0,0.017849286611696394,0.978125,0.7025631070137024,0.046885658800601956,0.006855666171759367,1.0,1.0,0.01817784347998289,0.98125,0.9529208183288574,0.03958492875099182,0.007941266149282455,1.0,1.0,0.021865490501901754,1.0,1.0472659766674042,0.04119029138237238,0.01828082473948598,1.0,1.0,0.03079286861854295,1.0,0.6747666138869065,0.03146390846142402,0.020095304800913885,1.0,1.0,0.02398703880220031,1.0,0.9322960942983627,0.05544852986931801,0.05295332819223404,1.0,1.0
8,0.23516202264775832,0.2236528938015302,0.16720127384695743,0.004369187176133791,0.998200316230456,0.9693815271059673,0.9904513888888888,0.9930555555555556,0.95,60,0.023565106104231542,0.0087336883518017,0.9257466902335485,1.0,1.0,0.30420333173422687,0.02996781763447597,0.8649726299058019,1.0,1.0,0.27281802518133924,2.871281311062797e-05,9.570937703542656e-07,0.2500159214467044,0.01938018766231835,0.9916666666666667,0.8998122155666352,0.055339859798550606,0.14735502749681473,1.0,1.0,0.01493562845280394,0.9854166666666667,0.8573091149330139,0.03914501890540123,0.0074872346594929695,1.0,1.0,0.014636536068671073,0.9875,0.9157675981521607,0.038254058361053465,0.008459770679473877,1.0,1.0,0.02217317099760597,1.0,1.0155495166778565,0.03036942481994629,0.02163147199898958,1.0,1.0,0.03300320162670687,1.0,0.6875512599945068,0.028772393098244302,0.02878055549584902,1.0,1.0,0.023014894224858532,1.0,0.7517486035823822,0.03949307026341557,0.1097263399977237,1.0,1.0
9,0.22739458633586765,0.22098601890934838,0.1637059839649333,0.004937639669393926,0.9975817925400204,0.9713313827912012,0.9888888888888889,0.9932291666666667,0.9666666666666667,60,0.02309375931508839,0.008373170233486842,1.030514696902699,1.0,1.0,0.26622889131571337,0.02598911744699014,1.022505513862171,1.0,1.0,0.2512255472979245,2.815870464083723e-05,9.386234880279076e-07,0.2500159214467044,0.01699728481665564,0.9895833333333334,0.9142059028148651,0.044575059320777655,0.091160025075078,1.0,1.0,0.012981128785759211,0.984375,1.0326655864715577,0.03531388342380524,0.007684208825230599,1.0,1.0,0.013086091166284557,0.9895833333333334,1.1104402542114258,0.03822656720876694,0.007793976366519928,1.0,1.0,0.020307488394125054,1.0,0.9768879294395447,0.03298741299659014,0.02425958849489689,1.0,1.0,0.030333455042758337,1.0,0.9527824475215032,0.02560931329543774,0.022649563275850736,1.0,1.0,0.02157971279035943,1.0,1.1236480176448822,0.03121775612235069,0.07766720890067517,1.0,1.0
10,0.22045895229093732,0.21834015680683982,0.1627220604982641,0.0043506996963211956,0.9977099786202113,0.9713860518402524,0.990625,0.99375,1.0,60,0.022417803610571555,0.008483155053626332,0.914243397447798,1.0,1.0,0.2691741370785553,0.026529973537652893,0.8130022477259679,1.0,1.0,0.23359035088835445,2.7513389914035713e-05,9.171129971345238e-07,0.23359035088835445,0.017776057636365295,0.9875,0.818040332198143,0.05128831472247839,0.08808346875011921,1.0,1.0,0.013773536773320908,0.9791666666666666,0.6561813831329346,0.04519555941224098,0.011517516523599624,1.0,1.0,0.014461528690299019,0.984375,0.9709071159362793,0.039440809190273284,0.009068432822823524,1.0,1.0,0.021151410051000616,1.0,0.8792183250188828,0.02594995447434485,0.02360143568366766,1.0,1.0,0.02960907433492442,1.0,0.5933666687745315,0.025661752774165228,0.025644859442344077,1.0,1.0,0.02253307027470631,1.0,0.8834272563457489,0.030051293224096297,0.08179003298282624,1.0,1.0
11,0.21531242182633528,0.21374268722203044,0.15959759338034524,0.005564662570213841,0.9983037203550339,0.9740922182798386,0.9911458333333333,0.9932291666666667,0.9833333333333333,60,0.021290986452044712,0.008289951035597673,0.8969894084665511,1.0,1.0,0.2700785970793361,0.027243151881657872,0.7944206389705691,1.0,1.0,0.23897679351255546,2.6781518437617374e-05,8.927172812539125e-07,0.23359035088835445,0.01601064620578351,0.9895833333333334,0.7692096948623657,0.04599623531103134,0.07554438114166259,1.0,1.0,0.012740342821537827,0.9895833333333334,0.8330730676651001,0.0493437796831131,0.007983729429543018,1.0,1.0,0.013524774661830937,0.984375,0.9732092380523681,0.050674301385879514,0.007904027029871941,1.0,1.0,0.019335449516074733,1.0,0.805714949965477,0.03158743195235729,0.024396174401044846,1.0,1.0,0.0287852207547985,1.0,0.5613322166296152,0.030025360675958488,0.017604775726795197,1.0,1.0,0.020429635241938134,1.0,0.7424039214849472,0.0363151902332902,0.08007462061941624,1.0,1.0
12,0.2112829258898273,0.2113007131550047,0.1574741605255339,0.004460729152757873,0.997790014412668,0.9724170787466897,0.9897569444444444,0.99375,0.9833333333333333,60,0.020964961317885254,0.008109751546807173,0.8884725123643875,1.0,1.0,0.2638915576766023,0.027246766369295333,0.781009247345207,1.0,1.0,0.2354112998448173,2.5968363362340606e-05,8.656121120780201e-07,0.23359035088835445,0.015181894454872235,0.9864583333333333,0.7256074368953704,0.03661656016483903,0.06738238632678986,1.0,1.0,0.011449247796554119,0.9885416666666667,0.7311634302139283,0.03792993649840355,0.007712046429514885,1.0,1.0,0.012378236515602718,0.9895833333333334,0.7863846540451049,0.041167864203453065,0.007647992298007012,1.0,1.0,0.02121563550705711,1.0,0.8984993755817413,0.033853179030120376,0.02398457322269678,1.0,1.0,0.027923504069137076,1.0,0.6366505439464862,0.025520412967755243,0.022960268534146823,1.0,1.0,0.020875808361840123,1.0,0.8572243720293045,0.04306826936081052,0.08182824715040624,1.0,1.0
13,0.20679201044452686,0.21234890363282627,0.15612109477321306,0.0036690982124633186,0.9981544689999686,0.9728240963485506,0.990625,0.9939236111111112,1.0,60,0.0207191646254311,0.007880545178583514,0.9065691484345331,1.0,1.0,0.26057508324099854,0.028600068383775983,0.8300641743482742,1.0,1.0,0.2268167575152779,2.507978348915618e-05,8.359927829718726e-07,0.2268167575152779,0.015827021482012545,0.9927083333333333,0.8280872434377671,0.04386535175144672,0.07418711055070162,1.0,1.0,0.011975072766654193,0.9854166666666667,0.6627808928489685,0.050756332278251645,0.007193206064403057,1.0,1.0,0.012839569605421274,0.9916666666666667,1.0168022632598877,0.04593651741743088,0.006600763462483883,1.0,1.0,0.017829561842760692,1.0,0.9917231738567353,0.03377679456025362,0.01801568251103163,1.0,1.0,0.026174985473820318,1.0,0.5148287186255822,0.02727001217695383,0.018502426262085255,1.0,1.0,0.019794016744708643,1.0,0.8558301970362663,0.04513068664819002,0.06624796134419739,1.0,1.0
14,0.203877364192158,0.2103814718623956,0.15489389018879995,0.003463466206605719,0.9984272589286168,0.9729716496335136,0.990625,0.99375,0.9833333333333333,60,0.02058129910276168,0.007981010782532393,0.8544555909103817,1.0,1.0,0.2598583909262598,0.026260155475640718,0.8528983956944626,1.0,1.0,0.23355788091488822,2.412218105641216e-05,8.040727018804052e-07,0.2268167575152779,0.014868257590569556,0.984375,0.841682517528534,0.04018707387149334,0.06536642536520958,1.0,1.0,0.010709796170704066,0.9875,0.7619071483612061,0.030292850732803345,0.006834687758237123,1.0,1.0,0.012107240235976254,0.9916666666666667,0.9894694805145263,0.03744126856327057,0.007875314727425576,1.0,1.0,0.017326332917825007,1.0,0.975800883769989,0.033030187524855134,0.017133910767734052,1.0,1.0,0.02499795946641825,1.0,0.6124537357917199,0.026902513435253732,0.0192605577982389,1.0,1.0,0.01947429693536833,1.0,0.8519210755825043,0.0390260512009263,0.07865232208278031,1.0,1.0
15,0.20024255072542776,0.20769912136925592,0.15276603222721152,0.004173147805194175,0.9981025781896379,0.9741625709666146,0.9914930555555556,0.99375,0.95,60,0.019459776350090073,0.007887955818377021,0.8279599674873882,1.0,1.0,0.2528645483265936,0.02319635688203626,0.7763857493358376,1.0,1.0,0.24624874945645725,2.3102455611579863e-05,7.700818537193286e-07,0.2268167575152779,0.014250877121230587,0.9916666666666667,0.799482661485672,0.03693302311003208,0.07368737179785967,1.0,1.0,0.010585342571721413,0.9875,0.6160024404525757,0.029625536501407625,0.0069796225056052204,1.0,1.0,0.011269735459548732,0.9885416666666667,0.9502599716186524,0.03720689713954926,0.0071047995239496235,1.0,1.0,0.017799076884208866,1.0,0.8040939349681139,0.022779113566502928,0.015598141774535178,1.0,1.0,0.025924269981139027,1.0,0.5436965135427622,0.0188421830534935,0.013559790757986216,1.0,1.0,0.01836556569323875,1.0,0.8633376270532608,0.0288492564111948,0.07822752455249429,1.0,1.0
16,0.1974768985140448,0.2059412425176965,0.1516717072783245,0.0031099390732783326,0.9982684473196666,0.9740148901939392,0.9907986111111111,0.9942708333333333,0.9833333333333333,60,0.019035035555457904,0.007948192154678206,0.7989662672082584,1.0,1.0,0.2473639466066276,0.021908843255214458,0.7479377758186475,1.0,1.0,0.22670138707770918,2.2027954299856264e-05,7.34265143328542e-07,0.22670138707770918,0.014440045340840394,0.9885416666666667,0.723550808429718,0.03584411342162639,0.06505920197814703,1.0,1.0,0.01133236803774101,0.984375,0.7219912528991699,0.02534877508878708,0.007385630905628204,1.0,1.0,0.011622095174000908,0.9927083333333333,0.811940360069275,0.030886001884937286,0.008422232419252395,1.0,1.0,0.01762645260702508,1.0,0.8870926678180695,0.022615943802520633,0.019296796433627604,1.0,1.0,0.024146410593918213,1.0,0.575660778925969,0.018871022531619437,0.016517961254486672,1.0,1.0,0.01803044060167546,1.0,0.7070938929915428,0.03144849082455039,0.07938551069237292,1.0,1.0
17,0.1952962301671505,0.20429470762610435,0.15226500270267326,0.003610424666769379,0.9980922887722651,0.9745357301500108,0.9914930555555556,0.9940972222222222,0.9833333333333333,60,0.019516576102210415,0.007764383896978365,0.8250233130322562,1.0,1.0,0.2500771427840258,0.023562979307520177,0.7660820521084608,1.0,1.0,0.2263627715068141,2.090641892781448e-05,6.968806309271492e-07,0.2263627715068141,0.014851606806041672,0.9822916666666667,0.7815958231687545,0.04197859293781221,0.06368984896689653,1.0,1.0,0.01115794621485596,0.98125,0.6564546465873718,0.03687610700726509,0.007067997381091118,1.0,1.0,0.01180015923649383,0.990625,0.8915550708770752,0.03767468333244324,0.007470337301492691,1.0,1.0,0.01727839590360721,1.0,0.8707072138786316,0.03169808993116021,0.01793483328074217,1.0,1.0,0.02467601074410292,1.0,0.5369934485508845,0.021477619042763345,0.01831265538930893,1.0,1.0,0.017710756254382433,1.0,0.7790049113333225,0.033371529541909695,0.0724306520074606,1.0,1.0
18,0.19207843737676739,0.2008345761646827,0.14961617446194092,0.003967102489433374,0.9983777364095052,0.9761506888601515,0.9868055555555556,0.9925347222222223,1.0,60,0.01836471999478009,0.007684741738355822,0.7955774939722485,1.0,1.0,0.2481959106120388,0.021328308405272202,0.6714062785680315,1.0,1.0,0.2150429764988895,1.974593018350998e-05,6.58197672783666e-07,0.2150429764988895,0.014021172857610509,0.99375,0.6969825923442841,0.03276094347238541,0.05684832371771335,1.0,1.0,0.010658503888407722,0.9875,0.5949946045875549,0.027585962414741518,0.006903550215065479,1.0,1.0,0.010749724412259335,0.9895833333333334,0.7542995929718017,0.03072144091129303,0.0068758193403482435,1.0,1.0,0.017184815817745402,1.0,0.7532770272344351,0.024773505376651885,0.016738364286720753,1.0,1.0,0.02550986977876164,1.0,0.5364970243894137,0.01890790519806055,0.016004835183803853,1.0,1.0,0.01760892668001664,1.0,0.6451684508472681,0.031226896494627,0.09103461154736578,1.0,1.0
19,0.18955052450764925,0.2048496959110101,0.15022941538029247,0.0055092211193772936,0.9982650376028485,0.9758800297975541,0.9916666666666667,0.9947916666666666,0.9833333333333333,60,0.018914143870481185,0.007704045584735771,0.8671914835770925,1.0,1.0,0.25723111181132563,0.025361445378017638,0.8489044625147254,1.0,1.0,0.22889745401443812,1.8554849414938034e-05,6.184949804979343e-07,0.2150429764988895,0.013345507349974165,0.9916666666666667,0.8189144730567932,0.03757489463314414,0.06337469313293695,1.0,1.0,0.010877867594050865,0.9895833333333334,0.7716549873352051,0.03356053531169891,0.006623472273349762,1.0,1.0,0.011548262605598818,0.9927083333333333,0.9183541297912597,0.03708694279193878,0.007550353929400444,1.0,1.0,0.017022934216462695,1.0,0.9844922155141831,0.03162689497694373,0.02153759989887476,1.0,1.0,0.024665876173336678,1.0,0.565424002133883,0.02300893343411959,0.018269004156956307,1.0,1.0,0.017274398183993376,1.0,0.9353685706853867,0.035601030383259055,0.07937977989204228,1.0,1.0
20,0.18841121016691129,0.20598433800041677,0.15227682578066984,0.003933570528958322,0.9975002980894513,0.9741999222172631,0.9914930555555556,0.9947916666666666,0.9833333333333333,60,0.019502290726328888,0.007724545330792251,0.8006535804933972,1.0,1.0,0.2461758130683308,0.02279724162566451,0.7183544946982797,1.0,1.0,0.22637511385412434,1.734175838632974e-05,5.78058612877658e-07,0.2150429764988895,0.013785649250106264,0.9885416666666667,0.6562117248773575,0.03694452010095119,0.059189656563103196,1.0,1.0,0.01101550910777102,0.984375,0.67622389793396,0.0332116175442934,0.006561388447880745,1.0,1.0,0.011869641141189883,0.9875,0.764983868598938,0.03588920086622238,0.007001012191176414,1.0,1.0,0.01798655174400968,1.0,0.8275866061449051,0.029509570077061655,0.01709856130182743,1.0,1.0,0.024567280835860097,1.0,0.553915757399339,0.024201166171293993,0.021688479643601637,1.0,1.0,0.0183220844657626,1.0,0.7736513882875442,0.03202539402991533,0.08069992549717427,1.0,1.0
21,0.18581218918940673,0.20492572916878593,0.14972447328683403,0.0039765112349060576,0.9982911076810624,0.9763925131824281,0.9932291666666667,0.9939236111111112,0.9833333333333333,60,0.018578638984925216,0.007864781611392067,0.7967755774656932,1.0,1.0,0.24867396254455093,0.02224096548702337,0.7358998445282995,1.0,1.0,0.22638353251484877,1.611539744634415e-05,5.371799148781383e-07,0.2150429764988895,0.012958701410874103,0.9927083333333333,0.6923271059989929,0.03440034007653594,0.059301119111478326,1.0,1.0,0.009860850686285024,0.9875,0.6577466130256653,0.03162375539541244,0.006576965376734733,1.0,1.0,0.010632623836863786,0.9916666666666667,0.7727527141571044,0.028956657648086546,0.007081883773207664,1.0,1.0,0.017145053879357875,1.0,0.8737292259931564,0.02443314380943775,0.01946788989007473,1.0,1.0,0.02360238230903633,1.0,0.4972801391895001,0.021477292363460247,0.018046293694239397,1.0,1.0,0.018170743509350964,1.0,0.8380463734269142,0.03169062118977308,0.08090449539013207,1.0,1.0
22,0.1843187495522822,0.20502850487828256,0.14782653821425307,0.006948764483270983,0.9979806413253148,0.9752915723456277,0.9916666666666667,0.9951388888888889,0.9833333333333333,60,0.018083525617193015,0.007777204740947733,0.7686702258057064,1.0,1.0,0.2488541494956059,0.021003382923328772,0.7009869602929174,1.0,1.0,0.22650953159681292,1.4884602553655854e-05,4.961534184551951e-07,0.2150429764988895,0.01270467385960122,0.9875,0.6475733637809753,0.031161139253526926,0.06718739364296197,1.0,1.0,0.009133371439141532,0.9885416666666667,0.6105540096759796,0.023591311275959016,0.006599843967705965,1.0,1.0,0.01019135602012587,0.9895833333333334,0.7757347106933594,0.027313894033432005,0.007843858003616333,1.0,1.0,0.016285934660118073,1.0,0.8307206973433494,0.02540209861472249,0.020021728705614805,1.0,1.0,0.021962414202668392,1.0,0.4645330539116493,0.018395658869009752,0.0186992992575352,1.0,1.0,0.01621665665297769,1.0,0.7940470144152642,0.02516447762027383,0.08140033087693155,1.0,1.0
23,0.18239935127397378,0.2000944363988108,0.14672385677695274,0.00576048351376307,0.9982579598824183,0.9761716021431817,0.9918402777777777,0.9942708333333333,0.9833333333333333,60,0.01775279169798725,0.007532228817904575,0.8214791377385458,1.0,1.0,0.23897201627229167,0.02031697081484362,0.7401391826899706,1.0,1.0,0.22009104369418842,1.3658241613670257e-05,4.5527472045567524e-07,0.2150429764988895,0.01270976552235273,0.9916666666666667,0.6699724823236466,0.030429151747375725,0.0621111236512661,1.0,1.0,0.009928312068223023,0.9875,0.7096897959709167,0.03095737546682358,0.00686930613592267,1.0,1.0,0.010415080080080467,0.99375,0.7986891269683838,0.03147246241569519,0.00699051208794117,1.0,1.0,0.015144048813575258,1.0,0.8560979276895523,0.02388710416853428,0.014371763821691275,1.0,1.0,0.022395272510281453,1.0,0.5316756138434777,0.019759258398642905,0.01580629153893544,1.0,1.0,0.01637550793432941,1.0,0.8017480194568634,0.02583904517814517,0.07978268312290311,1.0,1.0
24,0.1808301284133146,0.20393891806403797,0.14739103478689988,0.005758100863416379,0.9982520149813758,0.9745146049393548,0.9927083333333333,0.9946180555555556,0.9833333333333333,60,0.01801407544925395,0.007566836513837593,0.7869388726022508,1.0,1.0,0.24369616068042485,0.020828520054970167,0.7264414018234321,1.0,1.0,0.2241994241822874,1.2445150585061971e-05,4.1483835283539903e-07,0.2150429764988895,0.013980000477749855,0.9916666666666667,0.6065464004874229,0.02898849658668041,0.05875951200723648,1.0,1.0,0.010813702889330064,0.990625,0.6725388944149018,0.025849061086773872,0.006970511190593243,1.0,1.0,0.010407518971866618,0.99375,0.8064071893692016,0.029903772473335265,0.007143771275877953,1.0,1.0,0.016043436280839766,1.0,0.8719548057764769,0.02655246052891016,0.016549555025994776,1.0,1.0,0.022849425652141993,1.0,0.6039055310762845,0.018856148307140056,0.01599376877913108,1.0,1.0,0.015836825173270577,1.0,0.754408186674118,0.03114934479817748,0.08393806978128851,1.0,1.0
25,0.1792044038573901,0.1962985821482208,0.14535882222569652,0.003952845366539906,0.9983720103899638,0.9780246062411202,0.9925347222222223,0.9946180555555556,0.9833333333333333,60,0.01718546959778501,0.007531298822464628,0.7775543017519845,1.0,1.0,0.23938602499202288,0.02059967794447346,0.724797347478107,1.0,1.0,0.21755814833469478,1.1254069816490021e-05,3.7513566054966736e-07,0.2150429764988895,0.012521872535580769,0.99375,0.6135409891605377,0.02870383523404598,0.058859135024249554,1.0,1.0,0.009837766548541065,0.9916666666666667,0.6384336650371552,0.026148834079504014,0.006495785713195801,1.0,1.0,0.010495502334864189,0.9885416666666667,0.8526902675628663,0.02827494889497757,0.007132096588611603,1.0,1.0,0.016256690335770447,1.0,0.765091061592102,0.024554515443742275,0.01792423687875271,1.0,1.0,0.021268022244718545,1.0,0.5899194570688101,0.02139203307720331,0.018021590434587918,1.0,1.0,0.015922895149560645,1.0,0.8419014185667038,0.027247646544128656,0.08157933834008872,1.0,1.0
26,0.17783222266783316,0.19893267957700622,0.14538799770590333,0.0034395866475885367,0.9981890847285588,0.9769535799821217,0.990625,0.9939236111111112,0.9833333333333333,60,0.01739083334751841,0.007474579766858369,0.7186700441771083,1.0,1.0,0.23457073545561427,0.0192341517360337,0.6280847830055034,1.0,1.0,0.21795742967392198,1.0093581072185527e-05,3.3645270240618425e-07,0.2150429764988895,0.013312977273017168,0.9927083333333333,0.55714802891016,0.027999401092529297,0.06126870140433312,1.0,1.0,0.01109117148638082,0.9833333333333333,0.563442862033844,0.032963312417268756,0.006618061102926731,1.0,1.0,0.010993775504175574,0.9916666666666667,0.7206061601638794,0.03142290860414505,0.007014766335487366,1.0,1.0,0.015987682796549052,1.0,0.7211830094456673,0.02144546788185835,0.015034047048538923,1.0,1.0,0.021600527875125407,1.0,0.49040820048405576,0.016530721806562863,0.015573907930117387,1.0,1.0,0.015792622511313918,1.0,0.6675336077809334,0.02188733802177012,0.0779924064874649,1.0,1.0
27,0.17661302083482344,0.20173876020643447,0.14646055895007318,0.005154489778662234,0.9982283115386963,0.9772268176078797,0.9932291666666667,0.9944444444444445,0.9833333333333333,60,0.017314625065773727,0.007688984744405995,0.7907357085082266,1.0,1.0,0.24099003134575564,0.019841479269408546,0.7291453522918498,1.0,1.0,0.22184747488156417,8.972045700143736e-06,2.990681900047912e-07,0.2150429764988895,0.013392234514079367,0.9927083333333333,0.6537850975990296,0.027567219361662863,0.06502188798040151,1.0,1.0,0.009678332418358575,0.9916666666666667,0.6381850600242615,0.027288119494915008,0.006718073599040508,1.0,1.0,0.010065007657976821,0.9927083333333333,0.8503998756408692,0.028334304690361023,0.007233404740691185,1.0,1.0,0.016164149421577654,1.0,0.8284295812249184,0.020161430910229684,0.01687274258583784,1.0,1.0,0.022255880346832176,1.0,0.5320600362924429,0.01764283386560587,0.017292221578267906,1.0,1.0,0.01673139685105222,1.0,0.8030325472354889,0.020290699135512114,0.08046493045985699,1.0,1.0
28,0.17525851028040051,0.19926484968099328,0.14437021983580456,0.005909205985578107,0.9982658055093553,0.9777233623796039,0.9928819444444444,0.9940972222222222,0.9833333333333333,60,0.016732093828937245,0.007490766150618179,0.7893720199664434,1.0,1.0,0.23902906859870507,0.020166066953236552,0.7158813096780693,1.0,1.0,0.21952744868964014,7.897544388420142e-06,2.6325147961400476e-07,0.2150429764988895,0.012759000137642336,0.9916666666666667,0.6349050849676132,0.03361644125543535,0.0657064339146018,1.0,1.0,0.009523749464036276,0.9885416666666667,0.6280761361122131,0.03173149637877941,0.006752038933336734,1.0,1.0,0.009917370070858548,0.9916666666666667,0.7579895734786988,0.032914493978023526,0.007587806507945061,1.0,1.0,0.015661928467064476,1.0,0.8488198608160019,0.021576903481036424,0.015814741142094135,1.0,1.0,0.02312865631732469,1.0,0.5189710763784555,0.014844803855969356,0.01648636219593195,1.0,1.0,0.015332643780857325,1.0,0.8376074716448784,0.024764518532902003,0.07874224879778921,1.0,1.0
