filename,split,task_type,target_id,scene_seed,collection_seed,recovery_type,perturbation_step,perturbation_delta_m,retry_count,v3_recovery_version
ep_00001.npz,train,pick,B,120644321,20261201,target_displacement,36,0.019999999552965164,0,v3.recovery.1
ep_00002.npz,train,pick,C,758740232,20261201,target_displacement,29,0.019999999552965164,0,v3.recovery.1
ep_00003.npz,train,pick,C,332683069,20261201,forced_pick_miss,0,0.0,1,v3.recovery.1
ep_00004.npz,train,pick,C,754013509,20261201,target_displacement,31,0.029999999329447746,0,v3.recovery.1
ep_00005.npz,train,pick,A,403642012,20261201,target_displacement,28,0.019999999552965164,0,v3.recovery.1
ep_00006.npz,train,pick,B,174450997,20261201,forced_pick_miss,0,0.0,1,v3.recovery.1
ep_00007.npz,val,pick,B,1996169635,20261201,target_displacement,29,0.030000001192092896,0,v3.recovery.1
ep_00008.npz,train,pick,C,1430009448,20261201,forced_pick_miss,0,0.0,1,v3.recovery.1
ep_00009.npz,val,pick,C,1143942708,20261201,target_displacement,23,0.03999999910593033,0,v3.recovery.1
ep_00010.npz,val,push,A,632016368,20261201,target_displacement,23,0.019999999552965164,0,v3.recovery.1
ep_00011.npz,train,pick,A,1765437306,20261201,forced_pick_miss,0,0.0,1,v3.recovery.1
ep_00012.npz,train,push,B,31410081,20261201,target_displacement,30,0.019999999552965164,0,v3.recovery.1
ep_00013.npz,train,pick,B,374151124,20261201,forced_pick_miss,0,0.0,1,v3.recovery.1
ep_00014.npz,train,pick,A,1867842516,20261201,target_displacement,34,0.029999999329447746,0,v3.recovery.1
ep_00015.npz,train,pick,C,552750136,20261201,forced_pick_miss,0,0.0,1,v3.recovery.1
ep_00016.npz,train,push,A,684738258,20261201,forced_push_miss,0,0.0,1,v3.recovery.1
ep_00017.npz,train,pick,C,907241927,20261201,target_displacement,30,0.05000000074505806,0,v3.recovery.1
ep_00018.npz,train,pick,C,748111155,20261201,forced_pick_miss,0,0.0,1,v3.recovery.1
ep_00019.npz,val,pick,B,1733528989,20261201,target_displacement,21,0.03999999910593033,0,v3.recovery.1
ep_00020.npz,test,pick,B,802263163,20261201,forced_pick_miss,0,0.0,1,v3.recovery.1
ep_00021.npz,train,pick,B,1119901292,20261201,target_displacement,28,0.05000000074505806,0,v3.recovery.1
ep_00022.npz,train,pick,B,1794941975,20261201,forced_pick_miss,0,0.0,1,v3.recovery.1
ep_00023.npz,train,pick,A,543097755,20261201,forced_pick_miss,0,0.0,1,v3.recovery.1
ep_00024.npz,val,pick,B,1692675175,20261201,target_displacement,35,0.019999999552965164,0,v3.recovery.1
ep_00025.npz,train,pick,A,738056880,20261201,target_displacement,39,0.03999999910593033,0,v3.recovery.1
ep_00026.npz,train,pick,B,1041910046,20261201,forced_pick_miss,0,0.0,1,v3.recovery.1
ep_00027.npz,val,pick,B,1470338685,20261201,target_displacement,25,0.029999999329447746,0,v3.recovery.1
ep_00028.npz,train,pick,B,1975848239,20261201,forced_pick_miss,0,0.0,1,v3.recovery.1
ep_00029.npz,train,pick,B,1687398624,20261201,target_displacement,38,0.03999999910593033,0,v3.recovery.1
ep_00030.npz,train,pick,C,2118831207,20261201,target_displacement,33,0.019999999552965164,0,v3.recovery.1
ep_00031.npz,train,pick,B,855189192,20261201,forced_pick_miss,0,0.0,1,v3.recovery.1
ep_00032.npz,train,pick,A,1061117832,20261201,forced_pick_miss,0,0.0,1,v3.recovery.1
ep_00033.npz,train,pick,B,1625457787,20261201,target_displacement,27,0.05000000074505806,0,v3.recovery.1
ep_00034.npz,train,pick,A,1248131822,20261201,target_displacement,20,0.05000000074505806,0,v3.recovery.1
ep_00035.npz,train,pick,A,786709273,20261201,forced_pick_miss,0,0.0,1,v3.recovery.1
ep_00036.npz,train,pick,A,411522564,20261201,target_displacement,36,0.019999999552965164,0,v3.recovery.1
ep_00037.npz,train,pick,C,1876708227,20261201,forced_pick_miss,0,0.0,1,v3.recovery.1
ep_00038.npz,train,pick,C,917727584,20261201,target_displacement,27,0.030000001192092896,0,v3.recovery.1
ep_00039.npz,test,pick,B,299096910,20261201,forced_pick_miss,0,0.0,1,v3.recovery.1
ep_00040.npz,train,push,B,202443994,20261201,forced_push_miss,0,0.0,1,v3.recovery.1
ep_00041.npz,train,pick,B,1822716104,20261201,target_displacement,37,0.019999999552965164,0,v3.recovery.1
ep_00042.npz,train,pick,C,1778284760,20261201,forced_pick_miss,0,0.0,1,v3.recovery.1
ep_00043.npz,test,pick,A,480596541,20261201,forced_pick_miss,0,0.0,1,v3.recovery.1
ep_00044.npz,train,pick,C,399749908,20261201,target_displacement,25,0.03999999910593033,0,v3.recovery.1
ep_00045.npz,train,pick,B,1931614661,20261201,forced_pick_miss,0,0.0,1,v3.recovery.1
ep_00046.npz,train,pick,A,1044701261,20261201,target_displacement,37,0.029999999329447746,0,v3.recovery.1
ep_00047.npz,train,pick,C,1688707116,20261201,forced_pick_miss,0,0.0,1,v3.recovery.1
ep_00048.npz,train,pick,C,1768744993,20261201,target_displacement,31,0.05000000074505806,0,v3.recovery.1
ep_00049.npz,test,push,C,1949096682,20261201,target_displacement,36,0.019999999552965164,0,v3.recovery.1
ep_00050.npz,train,pick,B,1487442056,20261201,target_displacement,26,0.029999999329447746,0,v3.recovery.1
ep_00051.npz,train,push,B,751921222,20261201,target_displacement,23,0.029999999329447746,0,v3.recovery.1
ep_00052.npz,test,push,B,1194862710,20261201,forced_push_miss,0,0.0,1,v3.recovery.1
ep_00053.npz,train,pick,B,772380378,20261201,forced_pick_miss,0,0.0,1,v3.recovery.1
ep_00054.npz,train,pick,C,1200443593,20261201,forced_pick_miss,0,0.0,1,v3.recovery.1
ep_00055.npz,train,pick,A,498763133,20261201,forced_pick_miss,0,0.0,1,v3.recovery.1
ep_00056.npz,val,pick,C,889281286,20261201,target_displacement,27,0.019999999552965164,0,v3.recovery.1
ep_00057.npz,val,push,A,1702107747,20261201,target_displacement,31,0.029999999329447746,0,v3.recovery.1
ep_00058.npz,train,push,A,1320688616,20261201,forced_push_miss,0,0.0,1,v3.recovery.1
ep_00059.npz,train,pick,A,2061324090,20261201,target_displacement,26,0.03999999910593033,0,v3.recovery.1
ep_00060.npz,train,push,A,1272296736,20261201,target_displacement,23,0.03999999910593033,0,v3.recovery.1
ep_00061.npz,train,pick,B,1072557404,20261201,target_displacement,25,0.03999999910593033,0,v3.recovery.1
ep_00062.npz,train,pick,B,2059863651,20261201,forced_pick_miss,0,0.0,1,v3.recovery.1
ep_00063.npz,train,pick,A,508804717,20261201,forced_pick_miss,0,0.0,1,v3.recovery.1
ep_00064.npz,train,pick,C,1322022791,20261201,forced_pick_miss,0,0.0,1,v3.recovery.1
ep_00065.npz,train,pick,A,1110214858,20261201,target_displacement,31,0.05000000074505806,0,v3.recovery.1
ep_00066.npz,train,pick,B,298939836,20261201,target_displacement,32,0.05000000074505806,0,v3.recovery.1
ep_00067.npz,train,pick,A,1172408076,20261201,forced_pick_miss,0,0.0,1,v3.recovery.1
ep_00068.npz,train,push,B,217693185,20261201,target_displacement,32,0.03999999910593033,0,v3.recovery.1
ep_00069.npz,train,pick,C,1798242393,20261201,target_displacement,35,0.030000001192092896,0,v3.recovery.1
ep_00070.npz,train,pick,C,986627241,20261201,forced_pick_miss,0,0.0,1,v3.recovery.1
ep_00071.npz,train,pick,C,947703561,20261201,target_displacement,34,0.03999999910593033,0,v3.recovery.1
ep_00072.npz,train,pick,B,1029593026,20261201,forced_pick_miss,0,0.0,1,v3.recovery.1
ep_00073.npz,train,pick,C,543153527,20261201,forced_pick_miss,0,0.0,1,v3.recovery.1
ep_00074.npz,train,pick,A,1763259357,20261201,target_displacement,37,0.019999999552965164,0,v3.recovery.1
ep_00075.npz,train,pick,A,2091983555,20261201,forced_pick_miss,0,0.0,1,v3.recovery.1
ep_00076.npz,val,pick,A,837458520,20261201,target_displacement,37,0.029999999329447746,0,v3.recovery.1
ep_00077.npz,train,pick,A,306397907,20261201,forced_pick_miss,0,0.0,1,v3.recovery.1
ep_00078.npz,train,push,A,714745928,20261201,forced_push_miss,0,0.0,1,v3.recovery.1
ep_00079.npz,train,pick,B,104879678,20261201,target_displacement,25,0.019999999552965164,0,v3.recovery.1
ep_00080.npz,train,pick,B,1462325449,20261201,forced_pick_miss,0,0.0,1,v3.recovery.1
ep_00081.npz,val,pick,A,626857087,20261201,target_displacement,30,0.03999999910593033,0,v3.recovery.1
ep_00082.npz,test,pick,A,357017497,20261201,forced_pick_miss,0,0.0,1,v3.recovery.1
ep_00083.npz,train,pick,B,460881756,20261201,target_displacement,26,0.029999999329447746,0,v3.recovery.1
ep_00084.npz,train,pick,A,2014216284,20261201,target_displacement,37,0.05000000074505806,0,v3.recovery.1
ep_00085.npz,train,pick,B,1525864154,20261201,forced_pick_miss,0,0.0,1,v3.recovery.1
ep_00086.npz,train,pick,C,983095077,20261201,target_displacement,37,0.05000000074505806,0,v3.recovery.1
ep_00087.npz,train,pick,C,1150519583,20261201,forced_pick_miss,0,0.0,1,v3.recovery.1
ep_00088.npz,train,pick,C,366284104,20261201,target_displacement,33,0.019999999552965164,0,v3.recovery.1
ep_00089.npz,train,pick,A,277875577,20261201,forced_pick_miss,0,0.0,1,v3.recovery.1
ep_00090.npz,train,push,C,1958562872,20261201,forced_push_miss,0,0.0,1,v3.recovery.1
ep_00091.npz,test,pick,A,1725252260,20261201,target_displacement,31,0.019999999552965164,0,v3.recovery.1
ep_00092.npz,train,pick,A,1737157710,20261201,forced_pick_miss,0,0.0,1,v3.recovery.1
ep_00093.npz,train,push,A,374889830,20261201,target_displacement,30,0.05000000074505806,0,v3.recovery.1
ep_00094.npz,train,pick,A,84343953,20261201,target_displacement,21,0.030000001192092896,0,v3.recovery.1
ep_00095.npz,test,pick,C,1254882549,20261201,forced_pick_miss,0,0.0,1,v3.recovery.1
ep_00096.npz,test,pick,B,1995759212,20261201,target_displacement,25,0.03999999910593033,0,v3.recovery.1
ep_00097.npz,train,pick,A,773589407,20261201,forced_pick_miss,0,0.0,1,v3.recovery.1
ep_00098.npz,train,push,C,1265561488,20261201,target_displacement,35,0.029999999329447746,0,v3.recovery.1
ep_00099.npz,train,push,B,166394656,20261201,forced_push_miss,0,0.0,1,v3.recovery.1
ep_00100.npz,test,pick,A,1026986506,20261201,target_displacement,36,0.03999999910593033,0,v3.recovery.1
ep_00101.npz,train,pick,B,277921236,20261201,forced_pick_miss,0,0.0,1,v3.recovery.1
ep_00102.npz,train,pick,A,736618924,20261201,forced_pick_miss,0,0.0,1,v3.recovery.1
ep_00103.npz,train,pick,B,1501666454,20261201,target_displacement,36,0.05000000074505806,0,v3.recovery.1
ep_00104.npz,val,pick,A,247274346,20261201,target_displacement,30,0.05000000074505806,0,v3.recovery.1
ep_00105.npz,train,push,C,802435198,20261201,forced_push_miss,0,0.0,1,v3.recovery.1
ep_00106.npz,train,pick,A,955383270,20261201,forced_pick_miss,0,0.0,1,v3.recovery.1
ep_00107.npz,train,pick,C,789401216,20261201,target_displacement,29,0.029999999329447746,0,v3.recovery.1
ep_00108.npz,train,pick,B,14963583,20261201,forced_pick_miss,0,0.0,1,v3.recovery.1
ep_00109.npz,val,pick,C,334968429,20261201,forced_pick_miss,0,0.0,1,v3.recovery.1
ep_00110.npz,train,pick,A,268547568,20261201,target_displacement,30,0.019999999552965164,0,v3.recovery.1
ep_00111.npz,train,pick,A,1383821133,20261201,forced_pick_miss,0,0.0,1,v3.recovery.1
ep_00112.npz,train,push,B,1635135844,20261201,target_displacement,39,0.05000000074505806,1,v3.recovery.1
ep_00113.npz,train,pick,C,877731603,20261201,target_displacement,36,0.03999999910593033,1,v3.recovery.1
ep_00114.npz,train,push,C,358235461,20261201,target_displacement,25,0.03999999910593033,0,v3.recovery.1
ep_00115.npz,test,pick,A,1395909131,20261201,target_displacement,29,0.029999999329447746,0,v3.recovery.1
ep_00116.npz,val,push,C,1312468800,20261201,forced_push_miss,0,0.0,1,v3.recovery.1
ep_00117.npz,train,pick,B,2131218690,20261201,target_displacement,36,0.019999999552965164,0,v3.recovery.1
ep_00118.npz,train,pick,C,1127146093,20261201,forced_pick_miss,0,0.0,1,v3.recovery.1
ep_00119.npz,train,pick,B,1861885470,20261201,forced_pick_miss,0,0.0,1,v3.recovery.1
ep_00120.npz,train,pick,C,1516262153,20261201,target_displacement,29,0.05000000074505806,0,v3.recovery.1
ep_00121.npz,train,pick,A,904809256,20261201,forced_pick_miss,0,0.0,1,v3.recovery.1
ep_00122.npz,train,pick,A,1095336539,20261201,target_displacement,37,0.03999999910593033,0,v3.recovery.1
ep_00123.npz,train,pick,A,1369095837,20261201,forced_pick_miss,0,0.0,1,v3.recovery.1
ep_00124.npz,train,push,C,2014850230,20261201,target_displacement,24,0.05000000074505806,0,v3.recovery.1
ep_00125.npz,train,push,C,565167306,20261201,forced_push_miss,0,0.0,1,v3.recovery.1
ep_00126.npz,train,pick,C,587561635,20261201,forced_pick_miss,0,0.0,1,v3.recovery.1
ep_00127.npz,train,pick,B,427055925,20261201,target_displacement,21,0.030000001192092896,0,v3.recovery.1
ep_00128.npz,train,pick,C,100924930,20261201,target_displacement,23,0.019999999552965164,0,v3.recovery.1
ep_00129.npz,test,pick,A,1780262617,20261201,target_displacement,35,0.05000000074505806,0,v3.recovery.1
ep_00130.npz,train,pick,A,982649751,20261201,forced_pick_miss,0,0.0,1,v3.recovery.1
ep_00131.npz,train,pick,B,1745781908,20261201,forced_pick_miss,0,0.0,1,v3.recovery.1
ep_00132.npz,train,pick,B,858639370,20261201,target_displacement,22,0.03999999910593033,0,v3.recovery.1
ep_00133.npz,train,push,A,1346084937,20261201,forced_push_miss,0,0.0,1,v3.recovery.1
ep_00134.npz,train,pick,A,940935080,20261201,target_displacement,29,0.019999999552965164,0,v3.recovery.1
ep_00135.npz,val,pick,A,612409350,20261201,forced_pick_miss,0,0.0,1,v3.recovery.1
ep_00136.npz,train,pick,A,1816511548,20261201,target_displacement,33,0.029999999329447746,0,v3.recovery.1
ep_00137.npz,val,pick,A,695920514,20261201,forced_pick_miss,0,0.0,1,v3.recovery.1
ep_00138.npz,train,pick,A,96605419,20261201,target_displacement,38,0.03999999910593033,0,v3.recovery.1
ep_00139.npz,test,pick,C,1461664479,20261201,forced_pick_miss,0,0.0,1,v3.recovery.1
ep_00140.npz,train,push,C,1394432113,20261201,target_displacement,22,0.019999999552965164,0,v3.recovery.1
ep_00141.npz,train,push,C,1232416949,20261201,forced_push_miss,0,0.0,1,v3.recovery.1
ep_00142.npz,train,pick,B,568774841,20261201,forced_pick_miss,0,0.0,1,v3.recovery.1
ep_00143.npz,train,pick,B,1513347775,20261201,target_displacement,30,0.05000000074505806,0,v3.recovery.1
ep_00144.npz,train,pick,C,1469817286,20261201,target_displacement,35,0.029999999329447746,0,v3.recovery.1
ep_00145.npz,test,pick,A,1098225457,20261201,forced_pick_miss,0,0.0,1,v3.recovery.1
ep_00146.npz,train,pick,B,2092808794,20261201,forced_pick_miss,0,0.0,1,v3.recovery.1
ep_00147.npz,train,pick,B,1736561770,20261201,target_displacement,37,0.019999999552965164,0,v3.recovery.1
ep_00148.npz,test,pick,B,523045960,20261201,forced_pick_miss,0,0.0,1,v3.recovery.1
ep_00149.npz,train,pick,B,704237961,20261201,target_displacement,25,0.030000001192092896,0,v3.recovery.1
ep_00150.npz,train,pick,C,910417364,20261201,forced_pick_miss,0,0.0,1,v3.recovery.1
ep_00151.npz,test,pick,A,790725605,20261201,target_displacement,39,0.05000000074505806,0,v3.recovery.1
ep_00152.npz,test,pick,B,1453425834,20261201,forced_pick_miss,0,0.0,1,v3.recovery.1
ep_00153.npz,val,pick,B,1516808363,20261201,target_displacement,31,0.03999999910593033,0,v3.recovery.1
ep_00154.npz,train,pick,C,554646991,20261201,target_displacement,27,0.03999999910593033,0,v3.recovery.1
ep_00155.npz,train,push,C,493231392,20261201,target_displacement,22,0.029999999329447746,0,v3.recovery.1
ep_00156.npz,train,push,A,1847572542,20261201,target_displacement,28,0.019999999552965164,0,v3.recovery.1
ep_00157.npz,train,pick,B,1041539311,20261201,forced_pick_miss,0,0.0,1,v3.recovery.1
ep_00158.npz,train,pick,B,1471346689,20261201,target_displacement,36,0.05000000074505806,0,v3.recovery.1
ep_00159.npz,train,pick,A,1651171672,20261201,forced_pick_miss,0,0.0,1,v3.recovery.1
ep_00160.npz,train,pick,C,1190828133,20261201,forced_pick_miss,0,0.0,1,v3.recovery.1
ep_00161.npz,train,pick,B,1162395025,20261201,forced_pick_miss,0,0.0,1,v3.recovery.1
ep_00162.npz,train,pick,C,1515302081,20261201,target_displacement,34,0.05000000074505806,0,v3.recovery.1
ep_00163.npz,train,pick,C,1881502582,20261201,forced_pick_miss,0,0.0,1,v3.recovery.1
ep_00164.npz,train,pick,A,2095053880,20261201,target_displacement,31,0.019999999552965164,0,v3.recovery.1
ep_00165.npz,train,push,A,1049747534,20261201,forced_push_miss,0,0.0,1,v3.recovery.1
ep_00166.npz,train,pick,B,1065991061,20261201,target_displacement,35,0.019999999552965164,0,v3.recovery.1
ep_00167.npz,train,pick,B,357977937,20261201,forced_pick_miss,0,0.0,1,v3.recovery.1
ep_00168.npz,train,push,B,442251953,20261201,forced_push_miss,0,0.0,1,v3.recovery.1
ep_00169.npz,train,pick,B,79070090,20261201,target_displacement,33,0.029999999329447746,0,v3.recovery.1
ep_00170.npz,train,push,A,40823826,20261201,target_displacement,23,0.029999999329447746,0,v3.recovery.1
ep_00171.npz,train,push,B,2007882681,20261201,target_displacement,32,0.019999999552965164,1,v3.recovery.1
ep_00172.npz,train,pick,C,25448284,20261201,target_displacement,33,0.019999999552965164,0,v3.recovery.1
ep_00173.npz,val,pick,A,592751680,20261201,forced_pick_miss,0,0.0,1,v3.recovery.1
ep_00174.npz,train,pick,C,1874577298,20261201,forced_pick_miss,0,0.0,1,v3.recovery.1
ep_00175.npz,train,pick,B,424421762,20261201,forced_pick_miss,0,0.0,1,v3.recovery.1
ep_00176.npz,test,pick,B,1875830481,20261201,target_displacement,37,0.03999999910593033,0,v3.recovery.1
ep_00177.npz,train,pick,C,363877552,20261201,target_displacement,35,0.029999999329447746,0,v3.recovery.1
ep_00178.npz,train,pick,A,598751572,20261201,target_displacement,32,0.029999999329447746,0,v3.recovery.1
ep_00179.npz,train,pick,B,1414310945,20261201,forced_pick_miss,0,0.0,1,v3.recovery.1
ep_00180.npz,train,pick,C,899629048,20261201,forced_pick_miss,0,0.0,1,v3.recovery.1
ep_00181.npz,val,pick,A,402158869,20261201,forced_pick_miss,0,0.0,1,v3.recovery.1
ep_00182.npz,train,pick,C,119749595,20261201,target_displacement,37,0.03999999910593033,0,v3.recovery.1
ep_00183.npz,train,pick,B,1521220115,20261201,target_displacement,35,0.05000000074505806,0,v3.recovery.1
ep_00184.npz,train,pick,C,1850353331,20261201,forced_pick_miss,0,0.0,1,v3.recovery.1
ep_00185.npz,test,pick,B,359637209,20261201,forced_pick_miss,0,0.0,1,v3.recovery.1
ep_00186.npz,train,pick,A,1415651924,20261201,target_displacement,36,0.03999999910593033,0,v3.recovery.1
ep_00187.npz,train,pick,B,1587250772,20261201,target_displacement,30,0.019999999552965164,0,v3.recovery.1
ep_00188.npz,train,pick,B,791312259,20261201,forced_pick_miss,0,0.0,1,v3.recovery.1
ep_00189.npz,train,pick,C,2135577245,20261201,target_displacement,30,0.05000000074505806,0,v3.recovery.1
ep_00190.npz,train,pick,C,281668248,20261201,forced_pick_miss,0,0.0,1,v3.recovery.1
ep_00191.npz,train,pick,C,1053144569,20261201,target_displacement,33,0.019999999552965164,0,v3.recovery.1
ep_00192.npz,train,pick,A,1608230616,20261201,forced_pick_miss,0,0.0,1,v3.recovery.1
ep_00193.npz,train,pick,A,539483905,20261201,target_displacement,65,0.05000000074505806,0,v3.recovery.1
ep_00194.npz,train,pick,A,1690996214,20261201,forced_pick_miss,0,0.0,1,v3.recovery.1
ep_00195.npz,train,push,B,1040706837,20261201,forced_push_miss,0,0.0,1,v3.recovery.1
ep_00196.npz,train,pick,B,1204833208,20261201,target_displacement,32,0.029999999329447746,0,v3.recovery.1
ep_00197.npz,test,pick,C,894051067,20261201,forced_pick_miss,0,0.0,1,v3.recovery.1
ep_00198.npz,train,pick,A,1701957971,20261201,target_displacement,33,0.019999999552965164,0,v3.recovery.1
ep_00199.npz,train,pick,C,1260543644,20261201,target_displacement,30,0.029999999329447746,0,v3.recovery.1
ep_00200.npz,train,pick,B,1777161763,20261201,forced_pick_miss,0,0.0,1,v3.recovery.1
ep_00201.npz,val,pick,A,1417885868,20261201,forced_pick_miss,0,0.0,1,v3.recovery.1
ep_00202.npz,train,pick,B,1147354683,20261201,target_displacement,20,0.03999999910593033,0,v3.recovery.1
ep_00203.npz,val,pick,B,1091667328,20261201,forced_pick_miss,0,0.0,1,v3.recovery.1
ep_00204.npz,train,pick,A,1011017554,20261201,target_displacement,31,0.030000001192092896,0,v3.recovery.1
ep_00205.npz,val,pick,A,132883981,20261201,forced_pick_miss,0,0.0,1,v3.recovery.1
ep_00206.npz,train,pick,A,2065057028,20261201,target_displacement,31,0.03999999910593033,0,v3.recovery.1
ep_00207.npz,train,pick,B,1283795776,20261201,target_displacement,28,0.05000000074505806,0,v3.recovery.1
ep_00208.npz,train,pick,B,1242616584,20261201,forced_pick_miss,0,0.0,1,v3.recovery.1
ep_00209.npz,test,push,B,1870281898,20261201,target_displacement,33,0.029999999329447746,1,v3.recovery.1
ep_00210.npz,train,pick,B,1160987411,20261201,target_displacement,33,0.019999999552965164,0,v3.recovery.1
ep_00211.npz,train,pick,C,716424181,20261201,forced_pick_miss,0,0.0,1,v3.recovery.1
ep_00212.npz,train,pick,A,920026888,20261201,forced_pick_miss,0,0.0,1,v3.recovery.1
ep_00213.npz,train,pick,C,1798385883,20261201,target_displacement,30,0.03999999910593033,0,v3.recovery.1
ep_00214.npz,train,pick,C,137422016,20261201,forced_pick_miss,0,0.0,1,v3.recovery.1
ep_00215.npz,val,pick,B,1891238790,20261201,forced_pick_miss,0,0.0,1,v3.recovery.1
ep_00216.npz,train,pick,B,670929980,20261201,target_displacement,31,0.029999999329447746,0,v3.recovery.1
ep_00217.npz,train,push,C,810212870,20261201,forced_push_miss,0,0.0,1,v3.recovery.1
ep_00218.npz,val,push,A,1904597908,20261201,forced_push_miss,0,0.0,1,v3.recovery.1
ep_00219.npz,train,pick,B,2119253654,20261201,forced_pick_miss,0,0.0,1,v3.recovery.1
ep_00220.npz,train,pick,B,2002738074,20261201,target_displacement,28,0.03999999910593033,0,v3.recovery.1
ep_00221.npz,train,pick,C,782102548,20261201,target_displacement,26,0.05000000074505806,1,v3.recovery.1
ep_00222.npz,val,pick,C,1604013398,20261201,forced_pick_miss,0,0.0,1,v3.recovery.1
ep_00223.npz,train,pick,A,471716685,20261201,target_displacement,37,0.05000000074505806,0,v3.recovery.1
ep_00224.npz,test,pick,A,597433752,20261201,forced_pick_miss,0,0.0,1,v3.recovery.1
ep_00225.npz,test,pick,B,1533569443,20261201,forced_pick_miss,0,0.0,1,v3.recovery.1
ep_00226.npz,train,pick,A,142989275,20261201,target_displacement,30,0.019999999552965164,0,v3.recovery.1
ep_00227.npz,train,pick,A,222029290,20261201,forced_pick_miss,0,0.0,1,v3.recovery.1
ep_00228.npz,train,pick,C,1925494494,20261201,target_displacement,26,0.019999999552965164,0,v3.recovery.1
ep_00229.npz,train,pick,A,2088548527,20261201,target_displacement,35,0.029999999329447746,0,v3.recovery.1
ep_00230.npz,val,pick,C,886189085,20261201,forced_pick_miss,0,0.0,1,v3.recovery.1
ep_00231.npz,train,pick,B,1187533379,20261201,target_displacement,26,0.05000000074505806,0,v3.recovery.1
ep_00232.npz,train,pick,C,896163295,20261201,target_displacement,23,0.029999999329447746,0,v3.recovery.1
ep_00233.npz,train,pick,A,2096576531,20261201,forced_pick_miss,0,0.0,1,v3.recovery.1
ep_00234.npz,train,pick,A,1779682819,20261201,target_displacement,21,0.03999999910593033,0,v3.recovery.1
ep_00235.npz,test,push,B,1091006082,20261201,forced_push_miss,0,0.0,1,v3.recovery.1
ep_00236.npz,train,pick,C,254666542,20261201,forced_pick_miss,0,0.0,1,v3.recovery.1
ep_00237.npz,train,pick,A,697009274,20261201,forced_pick_miss,0,0.0,1,v3.recovery.1
ep_00238.npz,train,pick,A,476080392,20261201,target_displacement,35,0.05000000074505806,0,v3.recovery.1
ep_00239.npz,train,push,A,1737541253,20261201,target_displacement,25,0.04000000283122063,0,v3.recovery.1
ep_00240.npz,val,pick,A,497212343,20261201,forced_pick_miss,0,0.0,1,v3.recovery.1
ep_00241.npz,train,push,A,187575682,20261201,forced_push_miss,0,0.0,1,v3.recovery.1
ep_00242.npz,train,pick,B,302640825,20261201,forced_pick_miss,0,0.0,1,v3.recovery.1
ep_00243.npz,train,pick,C,359342507,20261201,target_displacement,37,0.03999999910593033,0,v3.recovery.1
ep_00244.npz,train,pick,C,658284604,20261201,forced_pick_miss,0,0.0,1,v3.recovery.1
ep_00245.npz,train,pick,B,2061216925,20261201,target_displacement,28,0.019999999552965164,0,v3.recovery.1
ep_00246.npz,test,push,C,529927630,20261201,target_displacement,31,0.03999999910593033,0,v3.recovery.1
ep_00247.npz,train,push,B,1641709658,20261201,target_displacement,23,0.03999999910593033,1,v3.recovery.1
ep_00248.npz,test,push,B,1652482416,20261201,forced_push_miss,0,0.0,1,v3.recovery.1
ep_00249.npz,train,pick,A,877282776,20261201,target_displacement,38,0.019999999552965164,0,v3.recovery.1
ep_00250.npz,train,pick,A,684945151,20261201,forced_pick_miss,0,0.0,1,v3.recovery.1
ep_00251.npz,train,pick,C,236692602,20261201,target_displacement,20,0.05000000074505806,0,v3.recovery.1
ep_00252.npz,train,pick,C,1996852645,20261201,forced_pick_miss,0,0.0,1,v3.recovery.1
ep_00253.npz,train,pick,B,1150355724,20261201,forced_pick_miss,0,0.0,1,v3.recovery.1
ep_00254.npz,train,pick,A,1074262441,20261201,target_displacement,42,0.029999999329447746,0,v3.recovery.1
ep_00255.npz,train,push,A,35508998,20261201,target_displacement,21,0.05000000074505806,0,v3.recovery.1
ep_00256.npz,train,pick,B,106311145,20261201,target_displacement,26,0.030000001192092896,0,v3.recovery.1
ep_00257.npz,test,pick,C,1926730492,20261201,target_displacement,27,0.019999999552965164,0,v3.recovery.1
ep_00258.npz,train,pick,B,352063603,20261201,forced_pick_miss,0,0.0,1,v3.recovery.1
ep_00259.npz,train,pick,B,835009330,20261201,target_displacement,23,0.03999999910593033,0,v3.recovery.1
ep_00260.npz,train,push,C,506450299,20261201,forced_push_miss,0,0.0,1,v3.recovery.1
ep_00261.npz,test,pick,C,1529620915,20261201,forced_pick_miss,0,0.0,1,v3.recovery.1
ep_00262.npz,test,pick,C,707637257,20261201,target_displacement,32,0.030000001192092896,0,v3.recovery.1
ep_00263.npz,train,pick,A,1368013713,20261201,forced_pick_miss,0,0.0,1,v3.recovery.1
ep_00264.npz,train,push,A,1550963005,20261201,forced_push_miss,0,0.0,1,v3.recovery.1
ep_00265.npz,train,push,B,1145498517,20261201,target_displacement,24,0.05000000074505806,0,v3.recovery.1
ep_00266.npz,train,pick,A,1888037038,20261201,target_displacement,34,0.03999999910593033,0,v3.recovery.1
ep_00267.npz,train,pick,C,1990893207,20261201,forced_pick_miss,0,0.0,1,v3.recovery.1
ep_00268.npz,train,push,B,859357108,20261201,forced_push_miss,0,0.0,1,v3.recovery.1
ep_00269.npz,train,pick,B,1079988213,20261201,forced_pick_miss,0,0.0,1,v3.recovery.1
ep_00270.npz,train,pick,C,1705111953,20261201,target_displacement,23,0.03999999910593033,0,v3.recovery.1
ep_00271.npz,train,pick,A,1700800862,20261201,forced_pick_miss,0,0.0,1,v3.recovery.1
ep_00272.npz,train,pick,C,526633016,20261201,forced_pick_miss,0,0.0,1,v3.recovery.1
ep_00273.npz,test,push,C,307592181,20261201,target_displacement,24,0.05000000074505806,0,v3.recovery.1
ep_00274.npz,train,push,A,927446443,20261201,target_displacement,32,0.019999999552965164,0,v3.recovery.1
ep_00275.npz,train,pick,B,921826675,20261201,target_displacement,38,0.05000000074505806,0,v3.recovery.1
ep_00276.npz,val,pick,B,862933340,20261201,forced_pick_miss,0,0.0,1,v3.recovery.1
ep_00277.npz,train,push,B,583202396,20261201,target_displacement,22,0.019999999552965164,0,v3.recovery.1
ep_00278.npz,train,push,A,179986505,20261201,forced_push_miss,0,0.0,1,v3.recovery.1
ep_00279.npz,train,pick,C,1479627259,20261201,target_displacement,30,0.05000000074505806,0,v3.recovery.1
ep_00280.npz,train,pick,B,1028330783,20261201,target_displacement,36,0.019999999552965164,0,v3.recovery.1
ep_00281.npz,train,pick,B,1122481847,20261201,forced_pick_miss,0,0.0,1,v3.recovery.1
ep_00282.npz,train,pick,B,1728585437,20261201,target_displacement,29,0.029999999329447746,0,v3.recovery.1
ep_00283.npz,train,pick,A,1349683325,20261201,target_displacement,35,0.05000000074505806,0,v3.recovery.1
ep_00284.npz,train,pick,B,1602123174,20261201,forced_pick_miss,0,0.0,1,v3.recovery.1
ep_00285.npz,train,push,A,1705666570,20261201,target_displacement,42,0.029999999329447746,0,v3.recovery.1
ep_00286.npz,train,pick,B,830250211,20261201,target_displacement,35,0.03999999910593033,0,v3.recovery.1
ep_00287.npz,train,pick,C,263452510,20261201,forced_pick_miss,0,0.0,1,v3.recovery.1
ep_00288.npz,train,pick,B,1617775434,20261201,forced_pick_miss,0,0.0,1,v3.recovery.1
ep_00289.npz,train,pick,A,247192730,20261201,forced_pick_miss,0,0.0,1,v3.recovery.1
ep_00290.npz,train,pick,B,974049801,20261201,target_displacement,32,0.05000000074505806,0,v3.recovery.1
ep_00291.npz,train,push,B,1262583193,20261201,forced_push_miss,0,0.0,1,v3.recovery.1
ep_00292.npz,train,pick,B,1811927668,20261201,forced_pick_miss,0,0.0,1,v3.recovery.1
ep_00293.npz,val,pick,B,1132135708,20261201,target_displacement,23,0.019999999552965164,0,v3.recovery.1
ep_00294.npz,train,pick,B,73507031,20261201,forced_pick_miss,0,0.0,1,v3.recovery.1
ep_00295.npz,train,pick,A,1127816126,20261201,target_displacement,29,0.019999999552965164,0,v3.recovery.1
ep_00296.npz,train,pick,A,567961277,20261201,forced_pick_miss,0,0.0,1,v3.recovery.1
ep_00297.npz,train,pick,C,499769066,20261201,target_displacement,33,0.019999999552965164,0,v3.recovery.1
ep_00298.npz,train,pick,B,113317709,20261201,target_displacement,30,0.029999999329447746,0,v3.recovery.1
ep_00299.npz,train,pick,A,842768142,20261201,target_displacement,35,0.029999999329447746,0,v3.recovery.1
ep_00300.npz,test,push,C,745598989,20261201,forced_push_miss,0,0.0,1,v3.recovery.1
ep_00301.npz,train,push,B,1136642341,20261201,target_displacement,29,0.030000001192092896,0,v3.recovery.1
ep_00302.npz,train,pick,B,305399429,20261201,forced_pick_miss,0,0.0,1,v3.recovery.1
ep_00303.npz,test,push,A,2039572426,20261201,forced_push_miss,0,0.0,1,v3.recovery.1
ep_00304.npz,train,pick,A,195229556,20261201,forced_pick_miss,0,0.0,1,v3.recovery.1
ep_00305.npz,train,pick,A,1817002125,20261201,target_displacement,21,0.03999999910593033,0,v3.recovery.1
ep_00306.npz,train,pick,B,1174915753,20261201,target_displacement,28,0.03999999910593033,0,v3.recovery.1
ep_00307.npz,train,pick,C,1627089628,20261201,forced_pick_miss,0,0.0,1,v3.recovery.1
ep_00308.npz,train,pick,A,694920292,20261201,forced_pick_miss,0,0.0,1,v3.recovery.1
ep_00309.npz,train,pick,B,965372773,20261201,forced_pick_miss,0,0.0,1,v3.recovery.1
ep_00310.npz,test,pick,B,1561342144,20261201,target_displacement,33,0.05000000074505806,0,v3.recovery.1
ep_00311.npz,train,pick,B,46879959,20261201,forced_pick_miss,0,0.0,1,v3.recovery.1
ep_00312.npz,val,pick,C,123146433,20261201,target_displacement,33,0.029999999329447746,0,v3.recovery.1
ep_00313.npz,train,pick,A,1250370343,20261201,target_displacement,36,0.05000000074505806,0,v3.recovery.1
ep_00314.npz,val,pick,B,691144850,20261201,target_displacement,38,0.019999999552965164,0,v3.recovery.1
ep_00315.npz,train,pick,A,621538510,20261201,forced_pick_miss,0,0.0,1,v3.recovery.1
ep_00316.npz,test,pick,B,1923237379,20261201,forced_pick_miss,0,0.0,1,v3.recovery.1
ep_00317.npz,train,pick,C,1918879926,20261201,forced_pick_miss,0,0.0,1,v3.recovery.1
ep_00318.npz,train,pick,B,2097334535,20261201,target_displacement,31,0.029999999329447746,0,v3.recovery.1
ep_00319.npz,test,pick,A,915926853,20261201,target_displacement,32,0.019999999552965164,0,v3.recovery.1
ep_00320.npz,train,push,A,252824699,20261201,target_displacement,38,0.03999999910593033,0,v3.recovery.1
ep_00321.npz,train,push,B,1807561344,20261201,forced_push_miss,0,0.0,1,v3.recovery.1
ep_00322.npz,test,pick,C,1175418917,20261201,target_displacement,34,0.03999999910593033,0,v3.recovery.1
ep_00323.npz,train,push,A,2091482264,20261201,forced_push_miss,0,0.0,1,v3.recovery.1
ep_00324.npz,train,pick,B,1865603608,20261201,forced_pick_miss,0,0.0,1,v3.recovery.1
ep_00325.npz,train,pick,C,297358159,20261201,forced_pick_miss,0,0.0,1,v3.recovery.1
ep_00326.npz,train,pick,A,1817161950,20261201,forced_pick_miss,0,0.0,1,v3.recovery.1
ep_00327.npz,val,pick,C,2075481209,20261201,target_displacement,26,0.05000000074505806,0,v3.recovery.1
ep_00328.npz,train,push,A,1182918132,20261201,target_displacement,22,0.05000000074505806,0,v3.recovery.1
ep_00329.npz,train,pick,A,1538781174,20261201,target_displacement,30,0.030000001192092896,0,v3.recovery.1
ep_00330.npz,train,pick,A,915496890,20261201,forced_pick_miss,0,0.0,1,v3.recovery.1
ep_00331.npz,test,pick,C,1184698008,20261201,forced_pick_miss,0,0.0,1,v3.recovery.1
ep_00332.npz,train,pick,C,1973887475,20261201,target_displacement,31,0.019999999552965164,0,v3.recovery.1
ep_00333.npz,train,pick,A,1456114253,20261201,target_displacement,34,0.03999999910593033,0,v3.recovery.1
ep_00334.npz,train,pick,A,163194150,20261201,forced_pick_miss,0,0.0,1,v3.recovery.1
ep_00335.npz,train,pick,A,1136721496,20261201,target_displacement,20,0.05000000074505806,0,v3.recovery.1
ep_00336.npz,train,pick,A,1659688531,20261201,forced_pick_miss,0,0.0,1,v3.recovery.1
ep_00337.npz,test,pick,C,147481557,20261201,forced_pick_miss,0,0.0,1,v3.recovery.1
ep_00338.npz,train,pick,C,427191722,20261201,target_displacement,36,0.030000001192092896,0,v3.recovery.1
ep_00339.npz,train,push,A,1122770351,20261201,forced_push_miss,0,0.0,1,v3.recovery.1
ep_00340.npz,train,pick,A,1842571092,20261201,target_displacement,33,0.019999999552965164,0,v3.recovery.1
ep_00341.npz,train,pick,C,1319739066,20261201,forced_pick_miss,0,0.0,1,v3.recovery.1
ep_00342.npz,train,push,C,1450089233,20261201,target_displacement,34,0.019999999552965164,0,v3.recovery.1
ep_00343.npz,train,pick,A,817141449,20261201,forced_pick_miss,0,0.0,1,v3.recovery.1
ep_00344.npz,train,pick,A,1905141861,20261201,target_displacement,29,0.030000001192092896,0,v3.recovery.1
ep_00345.npz,train,pick,A,1923833011,20261201,forced_pick_miss,0,0.0,1,v3.recovery.1
ep_00346.npz,train,pick,C,1584385183,20261201,target_displacement,30,0.03999999910593033,0,v3.recovery.1
ep_00347.npz,train,pick,C,1787428697,20261201,forced_pick_miss,0,0.0,1,v3.recovery.1
ep_00348.npz,train,pick,C,153205525,20261201,target_displacement,29,0.05000000074505806,0,v3.recovery.1
ep_00349.npz,train,push,A,1904264685,20261201,target_displacement,24,0.019999999552965164,0,v3.recovery.1
ep_00350.npz,train,push,A,568487532,20261201,forced_push_miss,0,0.0,1,v3.recovery.1
ep_00351.npz,train,pick,C,2138014862,20261201,forced_pick_miss,0,0.0,1,v3.recovery.1
ep_00352.npz,train,pick,C,723170867,20261201,target_displacement,26,0.019999999552965164,0,v3.recovery.1
ep_00353.npz,val,pick,C,887447971,20261201,forced_pick_miss,0,0.0,1,v3.recovery.1
ep_00354.npz,train,pick,C,1287404485,20261201,target_displacement,33,0.029999999329447746,0,v3.recovery.1
ep_00355.npz,test,pick,C,361817244,20261201,forced_pick_miss,0,0.0,1,v3.recovery.1
ep_00356.npz,train,push,B,1724008566,20261201,target_displacement,37,0.03999999910593033,0,v3.recovery.1
ep_00357.npz,train,pick,C,82935606,20261201,target_displacement,32,0.03999999910593033,0,v3.recovery.1
ep_00358.npz,train,pick,C,826832544,20261201,forced_pick_miss,0,0.0,1,v3.recovery.1
ep_00359.npz,train,pick,C,2124689517,20261201,target_displacement,23,0.05000000074505806,0,v3.recovery.1
ep_00360.npz,train,push,B,690118729,20261201,forced_push_miss,0,0.0,1,v3.recovery.1
ep_00361.npz,train,push,B,1941699040,20261201,target_displacement,28,0.05000000074505806,1,v3.recovery.1
ep_00362.npz,train,push,A,1586267430,20261201,target_displacement,23,0.030000001192092896,0,v3.recovery.1
ep_00363.npz,train,push,C,512372973,20261201,forced_push_miss,0,0.0,1,v3.recovery.1
ep_00364.npz,train,push,C,2001038334,20261201,target_displacement,34,0.029999999329447746,0,v3.recovery.1
ep_00365.npz,train,pick,C,579081115,20261201,forced_pick_miss,0,0.0,1,v3.recovery.1
ep_00366.npz,val,pick,C,1895494796,20261201,target_displacement,28,0.019999999552965164,0,v3.recovery.1
ep_00367.npz,train,pick,C,659544864,20261201,forced_pick_miss,0,0.0,1,v3.recovery.1
ep_00368.npz,train,push,B,635805911,20261201,forced_push_miss,0,0.0,1,v3.recovery.1
ep_00369.npz,train,pick,C,766602028,20261201,target_displacement,23,0.029999999329447746,0,v3.recovery.1
ep_00370.npz,val,pick,C,1557427406,20261201,forced_pick_miss,0,0.0,1,v3.recovery.1
ep_00371.npz,train,push,B,551527524,20261201,target_displacement,32,0.019999999552965164,1,v3.recovery.1
ep_00372.npz,train,push,A,451664827,20261201,forced_push_miss,0,0.0,1,v3.recovery.1
ep_00373.npz,train,push,A,1872577595,20261201,target_displacement,24,0.03999999910593033,0,v3.recovery.1
ep_00374.npz,train,push,A,1321806006,20261201,forced_push_miss,0,0.0,1,v3.recovery.1
ep_00375.npz,train,push,B,2056446696,20261201,forced_push_miss,0,0.0,1,v3.recovery.1
ep_00376.npz,train,push,C,98068500,20261201,forced_push_miss,0,0.0,1,v3.recovery.1
ep_00377.npz,train,push,A,927932732,20261201,target_displacement,21,0.05000000074505806,0,v3.recovery.1
ep_00378.npz,train,push,C,1585581798,20261201,target_displacement,30,0.03999999910593033,0,v3.recovery.1
ep_00379.npz,train,push,A,1610815295,20261201,forced_push_miss,0,0.0,1,v3.recovery.1
ep_00380.npz,train,push,A,485339481,20261201,target_displacement,20,0.019999999552965164,0,v3.recovery.1
ep_00381.npz,train,push,A,1163880549,20261201,forced_push_miss,0,0.0,1,v3.recovery.1
ep_00382.npz,train,push,B,785963824,20261201,target_displacement,33,0.029999999329447746,1,v3.recovery.1
ep_00383.npz,train,push,A,149637530,20261201,target_displacement,22,0.030000001192092896,0,v3.recovery.1
ep_00384.npz,train,push,A,1661281704,20261201,forced_push_miss,0,0.0,1,v3.recovery.1
ep_00385.npz,train,push,B,1947244418,20261201,forced_push_miss,0,0.0,1,v3.recovery.1
ep_00386.npz,train,push,A,1713427199,20261201,target_displacement,41,0.03999999910593033,0,v3.recovery.1
ep_00387.npz,train,push,A,582608767,20261201,forced_push_miss,0,0.0,1,v3.recovery.1
ep_00388.npz,train,push,B,740071229,20261201,target_displacement,29,0.03999999910593033,0,v3.recovery.1
ep_00389.npz,train,push,C,1899544991,20261201,forced_push_miss,0,0.0,1,v3.recovery.1
ep_00390.npz,train,push,B,2088047598,20261201,forced_push_miss,0,0.0,1,v3.recovery.1
ep_00391.npz,train,push,A,1688373025,20261201,target_displacement,36,0.05000000074505806,0,v3.recovery.1
ep_00392.npz,val,push,A,503870349,20261201,forced_push_miss,0,0.0,1,v3.recovery.1
ep_00393.npz,train,push,A,1024271396,20261201,target_displacement,28,0.019999999552965164,0,v3.recovery.1
ep_00394.npz,train,push,C,520569091,20261201,target_displacement,34,0.05000000074505806,0,v3.recovery.1
ep_00395.npz,train,push,C,13578624,20261201,forced_push_miss,0,0.0,1,v3.recovery.1
ep_00396.npz,train,push,A,430228520,20261201,forced_push_miss,0,0.0,1,v3.recovery.1
ep_00397.npz,train,push,C,1268568886,20261201,target_displacement,23,0.019999999552965164,0,v3.recovery.1
ep_00398.npz,train,push,A,757829357,20261201,target_displacement,32,0.029999999329447746,0,v3.recovery.1
ep_00399.npz,train,push,A,1327247952,20261201,forced_push_miss,0,0.0,1,v3.recovery.1
ep_00400.npz,train,push,A,55970889,20261201,target_displacement,32,0.03999999910593033,0,v3.recovery.1
ep_00401.npz,train,push,B,889593478,20261201,target_displacement,29,0.05000000074505806,0,v3.recovery.1
ep_00402.npz,train,push,A,65980579,20261201,forced_push_miss,0,0.0,1,v3.recovery.1
ep_00403.npz,train,push,A,1363033213,20261201,target_displacement,23,0.05000000074505806,0,v3.recovery.1
ep_00404.npz,train,push,B,173976710,20261201,forced_push_miss,0,0.0,1,v3.recovery.1
ep_00405.npz,train,push,A,1289838144,20261201,forced_push_miss,0,0.0,1,v3.recovery.1
ep_00406.npz,test,push,C,1527221253,20261201,forced_push_miss,0,0.0,1,v3.recovery.1
ep_00407.npz,train,push,A,20227283,20261201,target_displacement,32,0.020000001415610313,0,v3.recovery.1
ep_00408.npz,train,push,C,509531911,20261201,target_displacement,29,0.029999999329447746,0,v3.recovery.1
ep_00409.npz,val,push,B,647753274,20261201,target_displacement,29,0.019999999552965164,0,v3.recovery.1
ep_00410.npz,test,push,B,1283014920,20261201,forced_push_miss,0,0.0,1,v3.recovery.1
ep_00411.npz,train,push,A,1011181332,20261201,forced_push_miss,0,0.0,1,v3.recovery.1
ep_00412.npz,val,push,B,1739142007,20261201,target_displacement,24,0.029999999329447746,1,v3.recovery.1
ep_00413.npz,test,push,A,493382892,20261201,target_displacement,29,0.030000001192092896,0,v3.recovery.1
ep_00414.npz,train,push,A,708874363,20261201,forced_push_miss,0,0.0,1,v3.recovery.1
ep_00415.npz,train,push,A,2005246530,20261201,target_displacement,22,0.03999999910593033,0,v3.recovery.1
ep_00416.npz,train,push,A,837417988,20261201,forced_push_miss,0,0.0,1,v3.recovery.1
ep_00417.npz,train,push,B,2020112782,20261201,forced_push_miss,0,0.0,1,v3.recovery.1
ep_00418.npz,val,push,A,1192654351,20261201,target_displacement,22,0.05000000074505806,0,v3.recovery.1
ep_00419.npz,train,push,B,2070341891,20261201,target_displacement,33,0.03999999910593033,0,v3.recovery.1
ep_00420.npz,train,push,A,1601182744,20261201,forced_push_miss,0,0.0,1,v3.recovery.1
ep_00421.npz,train,push,C,1192442653,20261201,forced_push_miss,0,0.0,1,v3.recovery.1
ep_00422.npz,train,push,C,255414906,20261201,target_displacement,32,0.03999999910593033,0,v3.recovery.1
ep_00423.npz,train,push,C,1596688631,20261201,forced_push_miss,0,0.0,1,v3.recovery.1
ep_00424.npz,train,push,C,617349477,20261201,target_displacement,23,0.05000000074505806,0,v3.recovery.1
ep_00425.npz,train,push,A,1629417810,20261201,target_displacement,22,0.019999999552965164,0,v3.recovery.1
ep_00426.npz,train,push,B,399750360,20261201,forced_push_miss,0,0.0,1,v3.recovery.1
ep_00427.npz,train,push,B,548291451,20261201,target_displacement,21,0.05000000447034836,0,v3.recovery.1
ep_00428.npz,train,push,A,77661581,20261201,forced_push_miss,0,0.0,1,v3.recovery.1
ep_00429.npz,train,push,B,2012179825,20261201,forced_push_miss,0,0.0,1,v3.recovery.1
ep_00430.npz,test,push,B,837371596,20261201,target_displacement,22,0.019999999552965164,1,v3.recovery.1
ep_00431.npz,train,push,A,293708399,20261201,target_displacement,34,0.029999999329447746,0,v3.recovery.1
ep_00432.npz,val,push,B,1039453441,20261201,forced_push_miss,0,0.0,1,v3.recovery.1
ep_00433.npz,train,push,B,103581723,20261201,target_displacement,32,0.029999999329447746,0,v3.recovery.1
ep_00434.npz,test,push,A,216089387,20261201,forced_push_miss,0,0.0,1,v3.recovery.1
ep_00435.npz,train,push,B,2037593086,20261201,forced_push_miss,0,0.0,1,v3.recovery.1
ep_00436.npz,train,push,A,1072044013,20261201,target_displacement,32,0.03999999910593033,0,v3.recovery.1
ep_00437.npz,train,push,B,1381903471,20261201,target_displacement,29,0.03999999910593033,0,v3.recovery.1
ep_00438.npz,train,push,B,1862207673,20261201,forced_push_miss,0,0.0,1,v3.recovery.1
ep_00439.npz,train,push,A,1414020331,20261201,forced_push_miss,0,0.0,1,v3.recovery.1
ep_00440.npz,test,push,A,202308735,20261201,target_displacement,27,0.05000000074505806,0,v3.recovery.1
ep_00441.npz,train,push,A,2109900623,20261201,forced_push_miss,0,0.0,1,v3.recovery.1
ep_00442.npz,train,push,C,1805430048,20261201,forced_push_miss,0,0.0,1,v3.recovery.1
ep_00443.npz,train,push,A,1144522856,20261201,target_displacement,30,0.019999999552965164,0,v3.recovery.1
ep_00444.npz,train,push,B,1602850644,20261201,target_displacement,32,0.05000000074505806,0,v3.recovery.1
ep_00445.npz,val,push,A,580761194,20261201,forced_push_miss,0,0.0,1,v3.recovery.1
ep_00446.npz,train,push,C,1394540249,20261201,target_displacement,33,0.019999999552965164,0,v3.recovery.1
ep_00447.npz,val,push,B,1513608538,20261201,forced_push_miss,0,0.0,1,v3.recovery.1
ep_00448.npz,train,push,C,1550456276,20261201,forced_push_miss,0,0.0,1,v3.recovery.1
ep_00449.npz,train,push,C,989611470,20261201,target_displacement,34,0.029999999329447746,0,v3.recovery.1
ep_00450.npz,train,push,C,1279430399,20261201,forced_push_miss,0,0.0,1,v3.recovery.1
ep_00451.npz,train,push,C,1390021559,20261201,target_displacement,24,0.03999999910593033,0,v3.recovery.1
ep_00452.npz,val,push,A,510719361,20261201,target_displacement,29,0.029999999329447746,0,v3.recovery.1
ep_00453.npz,test,push,C,722689777,20261201,forced_push_miss,0,0.0,1,v3.recovery.1
ep_00454.npz,train,push,A,646962448,20261201,forced_push_miss,0,0.0,1,v3.recovery.1
ep_00455.npz,train,push,B,352321672,20261201,target_displacement,24,0.019999999552965164,0,v3.recovery.1
ep_00456.npz,test,push,B,1965501212,20261201,forced_push_miss,0,0.0,1,v3.recovery.1
ep_00457.npz,train,push,B,1559790892,20261201,target_displacement,31,0.029999999329447746,1,v3.recovery.1
ep_00458.npz,train,push,B,1296045269,20261201,forced_push_miss,0,0.0,1,v3.recovery.1
ep_00459.npz,train,push,C,740262646,20261201,target_displacement,44,0.05000000074505806,0,v3.recovery.1
ep_00460.npz,train,push,B,575083613,20261201,target_displacement,31,0.03999999910593033,0,v3.recovery.1
ep_00461.npz,test,push,A,1029011604,20261201,target_displacement,27,0.03999999910593033,0,v3.recovery.1
ep_00462.npz,train,push,C,279015106,20261201,forced_push_miss,0,0.0,1,v3.recovery.1
ep_00463.npz,train,push,C,1045087906,20261201,target_displacement,25,0.019999999552965164,0,v3.recovery.1
ep_00464.npz,train,push,C,1331717478,20261201,forced_push_miss,0,0.0,1,v3.recovery.1
ep_00465.npz,train,push,B,518600880,20261201,forced_push_miss,0,0.0,1,v3.recovery.1
ep_00466.npz,test,push,A,430388534,20261201,forced_push_miss,0,0.0,1,v3.recovery.1
ep_00467.npz,train,push,C,1551464085,20261201,target_displacement,34,0.030000001192092896,0,v3.recovery.1
ep_00468.npz,val,push,A,1284346929,20261201,target_displacement,31,0.05000000074505806,0,v3.recovery.1
ep_00469.npz,train,push,A,2034347285,20261201,forced_push_miss,0,0.0,1,v3.recovery.1
ep_00470.npz,train,push,A,1998793173,20261201,target_displacement,27,0.019999999552965164,0,v3.recovery.1
ep_00471.npz,train,push,A,839695284,20261201,forced_push_miss,0,0.0,1,v3.recovery.1
ep_00472.npz,train,push,B,1245108718,20261201,target_displacement,32,0.05000000074505806,0,v3.recovery.1
ep_00473.npz,test,push,A,429208561,20261201,target_displacement,31,0.030000001192092896,0,v3.recovery.1
ep_00474.npz,train,push,A,1585151535,20261201,forced_push_miss,0,0.0,1,v3.recovery.1
ep_00475.npz,train,push,B,522473830,20261201,forced_push_miss,0,0.0,1,v3.recovery.1
ep_00476.npz,train,push,B,1559308249,20261201,target_displacement,29,0.019999999552965164,1,v3.recovery.1
ep_00477.npz,train,push,B,470535206,20261201,forced_push_miss,0,0.0,1,v3.recovery.1
ep_00478.npz,val,push,B,1002780290,20261201,target_displacement,31,0.029999999329447746,0,v3.recovery.1
ep_00479.npz,train,push,A,470035267,20261201,target_displacement,28,0.03999999910593033,0,v3.recovery.1
ep_00480.npz,train,push,B,1711269772,20261201,forced_push_miss,0,0.0,1,v3.recovery.1
ep_00481.npz,train,push,A,874741307,20261201,forced_push_miss,0,0.0,1,v3.recovery.1
ep_00482.npz,train,push,B,481113203,20261201,target_displacement,24,0.03999999910593033,0,v3.recovery.1
ep_00483.npz,train,push,C,1432604321,20261201,forced_push_miss,0,0.0,1,v3.recovery.1
ep_00484.npz,test,push,A,1715809494,20261201,target_displacement,23,0.05000000074505806,0,v3.recovery.1
ep_00485.npz,train,push,B,2104307207,20261201,forced_push_miss,0,0.0,1,v3.recovery.1
ep_00486.npz,test,push,B,779063803,20261201,target_displacement,29,0.05000000074505806,1,v3.recovery.1
ep_00487.npz,train,push,A,557154916,20261201,forced_push_miss,0,0.0,1,v3.recovery.1
ep_00488.npz,train,push,A,120548327,20261201,target_displacement,22,0.019999999552965164,0,v3.recovery.1
ep_00489.npz,test,push,B,123549568,20261201,forced_push_miss,0,0.0,1,v3.recovery.1
ep_00490.npz,train,push,C,102253998,20261201,target_displacement,23,0.03999999910593033,0,v3.recovery.1
ep_00491.npz,train,push,B,596584485,20261201,target_displacement,31,0.019999999552965164,0,v3.recovery.1
ep_00492.npz,train,push,A,932448854,20261201,forced_push_miss,0,0.0,1,v3.recovery.1
ep_00493.npz,train,push,B,54113483,20261201,forced_push_miss,0,0.0,1,v3.recovery.1
ep_00494.npz,val,push,A,1219464393,20261201,target_displacement,22,0.030000001192092896,0,v3.recovery.1
ep_00495.npz,train,push,C,379210588,20261201,forced_push_miss,0,0.0,1,v3.recovery.1
ep_00496.npz,val,push,C,9353065,20261201,target_displacement,36,0.05000000074505806,0,v3.recovery.1
ep_00497.npz,train,push,B,2082507263,20261201,target_displacement,21,0.029999999329447746,0,v3.recovery.1
ep_00498.npz,train,push,A,1241020459,20261201,forced_push_miss,0,0.0,1,v3.recovery.1
ep_00499.npz,train,push,B,1504273710,20261201,forced_push_miss,0,0.0,1,v3.recovery.1
ep_00500.npz,train,push,A,1945037199,20261201,target_displacement,24,0.03999999910593033,0,v3.recovery.1
ep_00501.npz,val,push,C,1158582852,20261201,forced_push_miss,0,0.0,1,v3.recovery.1
ep_00502.npz,train,push,A,1910262816,20261201,forced_push_miss,0,0.0,1,v3.recovery.1
ep_00503.npz,val,push,B,453675925,20261201,target_displacement,31,0.03999999910593033,0,v3.recovery.1
ep_00504.npz,train,push,A,1185941009,20261201,target_displacement,34,0.05000000074505806,0,v3.recovery.1
ep_00505.npz,train,push,A,791788656,20261201,forced_push_miss,0,0.0,1,v3.recovery.1
ep_00506.npz,train,push,A,1289019553,20261201,target_displacement,25,0.019999999552965164,0,v3.recovery.1
ep_00507.npz,train,push,A,1610966910,20261201,forced_push_miss,0,0.0,1,v3.recovery.1
ep_00508.npz,train,push,C,1419363210,20261201,target_displacement,33,0.019999999552965164,0,v3.recovery.1
ep_00509.npz,test,push,C,1982189513,20261201,forced_push_miss,0,0.0,1,v3.recovery.1
ep_00510.npz,train,push,C,1057474961,20261201,target_displacement,33,0.030000001192092896,0,v3.recovery.1
ep_00511.npz,train,push,A,1381554266,20261201,target_displacement,25,0.030000001192092896,0,v3.recovery.1
ep_00512.npz,train,push,B,2110942908,20261201,forced_push_miss,0,0.0,1,v3.recovery.1
ep_00513.npz,train,push,C,627543561,20261201,forced_push_miss,0,0.0,1,v3.recovery.1
ep_00514.npz,train,push,B,1078660709,20261201,target_displacement,23,0.05000000074505806,0,v3.recovery.1
ep_00515.npz,train,push,B,1878103819,20261201,forced_push_miss,0,0.0,1,v3.recovery.1
ep_00516.npz,train,push,A,1865981089,20261201,forced_push_miss,0,0.0,1,v3.recovery.1
ep_00517.npz,train,push,A,1603966170,20261201,target_displacement,31,0.03999999910593033,0,v3.recovery.1
ep_00518.npz,train,push,A,1723319471,20261201,forced_push_miss,0,0.0,1,v3.recovery.1
ep_00519.npz,val,push,A,1900929686,20261201,target_displacement,25,0.05000000074505806,0,v3.recovery.1
ep_00520.npz,test,push,A,870513756,20261201,forced_push_miss,0,0.0,1,v3.recovery.1
ep_00521.npz,train,push,C,1113797542,20261201,target_displacement,32,0.03999999910593033,0,v3.recovery.1
ep_00522.npz,val,push,B,705449651,20261201,target_displacement,33,0.019999999552965164,0,v3.recovery.1
ep_00523.npz,train,push,A,526911826,20261201,target_displacement,29,0.019999999552965164,0,v3.recovery.1
ep_00524.npz,train,push,B,2094308718,20261201,forced_push_miss,0,0.0,1,v3.recovery.1
ep_00525.npz,val,push,C,1651598459,20261201,forced_push_miss,0,0.0,1,v3.recovery.1
ep_00526.npz,train,push,A,880634499,20261201,forced_push_miss,0,0.0,1,v3.recovery.1
ep_00527.npz,val,push,C,1265173870,20261201,target_displacement,21,0.05000000074505806,0,v3.recovery.1
ep_00528.npz,val,push,B,1919922925,20261201,target_displacement,31,0.030000001192092896,0,v3.recovery.1
ep_00529.npz,train,push,B,250569611,20261201,forced_push_miss,0,0.0,1,v3.recovery.1
ep_00530.npz,train,push,C,1745357358,20261201,forced_push_miss,0,0.0,1,v3.recovery.1
ep_00531.npz,train,push,A,1090240689,20261201,target_displacement,23,0.029999999329447746,0,v3.recovery.1
ep_00532.npz,train,push,B,533039978,20261201,target_displacement,33,0.03999999910593033,0,v3.recovery.1
ep_00533.npz,val,push,C,262752821,20261201,target_displacement,35,0.019999999552965164,0,v3.recovery.1
ep_00534.npz,train,push,C,616575205,20261201,forced_push_miss,0,0.0,1,v3.recovery.1
ep_00535.npz,train,push,B,245466764,20261201,forced_push_miss,0,0.0,1,v3.recovery.1
ep_00536.npz,val,push,C,946353973,20261201,target_displacement,24,0.030000001192092896,0,v3.recovery.1
ep_00537.npz,train,push,B,2141737286,20261201,target_displacement,28,0.05000000074505806,1,v3.recovery.1
ep_00538.npz,train,push,B,1237243923,20261201,forced_push_miss,0,0.0,1,v3.recovery.1
ep_00539.npz,train,push,C,98905940,20261201,forced_push_miss,0,0.0,1,v3.recovery.1
ep_00540.npz,test,push,A,1483114253,20261201,forced_push_miss,0,0.0,1,v3.recovery.1
ep_00541.npz,train,push,C,1360684926,20261201,target_displacement,23,0.03999999910593033,0,v3.recovery.1
ep_00542.npz,train,push,B,864608081,20261201,target_displacement,30,0.020000001415610313,0,v3.recovery.1
ep_00543.npz,train,push,C,1993960765,20261201,forced_push_miss,0,0.0,1,v3.recovery.1
ep_00544.npz,val,push,B,1991844782,20261201,forced_push_miss,0,0.0,1,v3.recovery.1
ep_00545.npz,train,push,B,1544393312,20261201,target_displacement,33,0.029999999329447746,1,v3.recovery.1
ep_00546.npz,train,push,B,1240700462,20261201,forced_push_miss,0,0.0,1,v3.recovery.1
ep_00547.npz,train,push,B,836889751,20261201,target_displacement,31,0.03999999910593033,0,v3.recovery.1
ep_00548.npz,train,push,B,1307866430,20261201,forced_push_miss,0,0.0,1,v3.recovery.1
ep_00549.npz,train,push,C,1912555937,20261201,target_displacement,39,0.05000000074505806,0,v3.recovery.1
ep_00550.npz,train,push,C,2143100170,20261201,forced_push_miss,0,0.0,1,v3.recovery.1
ep_00551.npz,train,push,B,1804764184,20261201,target_displacement,33,0.05000000074505806,0,v3.recovery.1
ep_00552.npz,train,push,B,1585970558,20261201,forced_push_miss,0,0.0,1,v3.recovery.1
ep_00553.npz,train,push,C,1054044124,20261201,target_displacement,24,0.019999999552965164,0,v3.recovery.1
ep_00554.npz,train,push,C,1299372619,20261201,forced_push_miss,0,0.0,1,v3.recovery.1
ep_00555.npz,train,push,C,1393743288,20261201,target_displacement,21,0.029999999329447746,0,v3.recovery.1
ep_00556.npz,train,push,B,2145406225,20261201,target_displacement,34,0.019999999552965164,0,v3.recovery.1
ep_00557.npz,val,push,C,439373095,20261201,forced_push_miss,0,0.0,1,v3.recovery.1
ep_00558.npz,train,push,B,1224496415,20261201,forced_push_miss,0,0.0,1,v3.recovery.1
ep_00559.npz,test,push,B,38653501,20261201,target_displacement,32,0.029999999329447746,0,v3.recovery.1
ep_00560.npz,train,push,B,1709477043,20261201,forced_push_miss,0,0.0,1,v3.recovery.1
ep_00561.npz,train,push,B,1399099027,20261201,target_displacement,33,0.03999999910593033,0,v3.recovery.1
ep_00562.npz,train,push,C,36895883,20261201,target_displacement,53,0.03999999910593033,0,v3.recovery.1
ep_00563.npz,train,push,C,1558855817,20261201,forced_push_miss,0,0.0,1,v3.recovery.1
ep_00564.npz,train,push,C,782052111,20261201,target_displacement,48,0.05000000074505806,0,v3.recovery.1
ep_00565.npz,train,push,B,1027543410,20261201,forced_push_miss,0,0.0,1,v3.recovery.1
ep_00566.npz,train,push,B,528583714,20261201,target_displacement,31,0.05000000074505806,0,v3.recovery.1
ep_00567.npz,train,push,C,1481701724,20261201,forced_push_miss,0,0.0,1,v3.recovery.1
ep_00568.npz,train,push,B,1312310131,20261201,forced_push_miss,0,0.0,1,v3.recovery.1
ep_00569.npz,train,push,B,1111762925,20261201,target_displacement,33,0.019999999552965164,0,v3.recovery.1
ep_00570.npz,train,push,B,1485221275,20261201,forced_push_miss,0,0.0,1,v3.recovery.1
ep_00571.npz,train,push,B,1083392,20261201,target_displacement,30,0.030000001192092896,0,v3.recovery.1
ep_00572.npz,val,push,B,21301761,20261201,forced_push_miss,0,0.0,1,v3.recovery.1
ep_00573.npz,train,push,C,1308316130,20261201,target_displacement,31,0.019999999552965164,0,v3.recovery.1
ep_00574.npz,train,push,C,62576067,20261201,forced_push_miss,0,0.0,1,v3.recovery.1
ep_00575.npz,test,push,C,1543814298,20261201,target_displacement,35,0.029999999329447746,0,v3.recovery.1
ep_00576.npz,train,push,C,2058817921,20261201,forced_push_miss,0,0.0,1,v3.recovery.1
ep_00577.npz,train,push,C,1072298356,20261201,target_displacement,21,0.04000000283122063,0,v3.recovery.1
ep_00578.npz,train,push,C,77855808,20261201,forced_push_miss,0,0.0,1,v3.recovery.1
ep_00579.npz,test,push,C,1904350157,20261201,target_displacement,23,0.05000000074505806,0,v3.recovery.1
ep_00580.npz,train,push,C,890313389,20261201,forced_push_miss,0,0.0,1,v3.recovery.1
ep_00581.npz,val,push,C,401838086,20261201,target_displacement,20,0.019999999552965164,0,v3.recovery.1
ep_00582.npz,train,push,C,1935216221,20261201,forced_push_miss,0,0.0,1,v3.recovery.1
ep_00583.npz,train,push,C,889917020,20261201,target_displacement,31,0.029999999329447746,0,v3.recovery.1
ep_00584.npz,train,push,C,719080034,20261201,forced_push_miss,0,0.0,1,v3.recovery.1
ep_00585.npz,train,push,C,2108862277,20261201,target_displacement,22,0.03999999910593033,0,v3.recovery.1
ep_00586.npz,val,push,C,894420958,20261201,forced_push_miss,0,0.0,1,v3.recovery.1
ep_00587.npz,train,push,C,899404931,20261201,target_displacement,22,0.05000000074505806,0,v3.recovery.1
ep_00588.npz,train,push,C,305613812,20261201,forced_push_miss,0,0.0,1,v3.recovery.1
ep_00589.npz,train,push,C,1780179933,20261201,target_displacement,22,0.020000001415610313,0,v3.recovery.1
ep_00590.npz,train,push,C,1104579966,20261201,forced_push_miss,0,0.0,1,v3.recovery.1
ep_00591.npz,train,push,C,1671197680,20261201,target_displacement,27,0.029999999329447746,0,v3.recovery.1
ep_00592.npz,train,push,C,1315539190,20261201,forced_push_miss,0,0.0,1,v3.recovery.1
ep_00593.npz,train,push,C,1271315990,20261201,target_displacement,29,0.03999999910593033,0,v3.recovery.1
ep_00594.npz,train,push,C,1453875119,20261201,forced_push_miss,0,0.0,1,v3.recovery.1
ep_00595.npz,test,push,C,1803590900,20261201,target_displacement,40,0.05000000074505806,0,v3.recovery.1
ep_00596.npz,train,push,C,1797826615,20261201,forced_push_miss,0,0.0,1,v3.recovery.1
ep_00597.npz,train,push,C,1701134323,20261201,target_displacement,23,0.019999999552965164,0,v3.recovery.1
ep_00598.npz,train,push,C,1251954168,20261201,forced_push_miss,0,0.0,1,v3.recovery.1
ep_00599.npz,train,push,C,471106753,20261201,target_displacement,40,0.030000001192092896,0,v3.recovery.1
ep_00600.npz,train,push,C,1777633236,20261201,forced_push_miss,0,0.0,1,v3.recovery.1
