model,ensemble_mode,level_cm,episodes,injected_episodes,injection_rate,successes,task_success_rate,ci95_lower,ci95_upper,clean_success_rate,target_contact_rate,wrong_object_contact_rate,mean_steps,mean_action_clip_rate,mean_safety_intervention_rate,mean_grounding_shift_resets,mean_grounding_error_after_injection_cm,reacquisition_rate_0_5cm,mean_successful_reacquisition_latency_s_0_5cm
v2,temporal,0,120,0,0.0,109,0.9083333333333333,0.843291530273291,0.9480428171514347,0.8916666666666667,0.975,0.008333333333333333,96.66666666666667,0.060598232229780696,0.05376618703538984,4.741666666666666,,,
v2,temporal,1,120,120,1.0,109,0.9083333333333333,0.843291530273291,0.9480428171514347,0.8916666666666667,0.9916666666666667,0.008333333333333333,100.65833333333333,0.06068515374046086,0.052693332134938035,5.841666666666667,0.7839132432035594,0.875,0.5647619047619048
v2,temporal,2,120,120,1.0,104,0.8666666666666667,0.7943520342531574,0.916233910373127,0.8583333333333333,1,0.03333333333333333,107.98333333333333,0.056659528353150565,0.048754029028506646,7.583333333333333,0.8485877139595039,0.8666666666666667,0.6485576923076923
v2,temporal,3,120,120,1.0,69,0.575,0.4855775172299302,0.6597696078072643,0.575,0.9833333333333333,0.10833333333333334,142.85,0.046375809247461916,0.047899068418624235,13.816666666666666,0.930037327510181,0.8166666666666667,0.7321428571428571
v2,temporal,4,120,120,1.0,48,0.4,0.31676408120837146,0.4894397520753693,0.39166666666666666,0.9833333333333333,0.09166666666666666,169.0,0.03988409157024144,0.043065271896354465,15.333333333333334,0.9806696752697514,0.7916666666666666,0.8631578947368421
v2,temporal,5,120,120,1.0,33,0.275,0.20302896661264852,0.3609296582757681,0.275,0.9583333333333334,0.1,180.40833333333333,0.03597427992258388,0.04778006784290848,14.908333333333333,1.1721335947085336,0.7,1.1196428571428572
v2,temporal,6,120,120,1.0,26,0.21666666666666667,0.15236723564151497,0.29854362532908374,0.19166666666666668,0.8666666666666667,0.08333333333333333,188.51666666666668,0.03145278284684805,0.052787970674448584,16.183333333333334,1.3674078440632824,0.625,1.1553333333333333
v2,temporal,7,120,120,1.0,24,0.2,0.13824476478840256,0.2803667350628196,0.2,0.7666666666666667,0.1,187.66666666666666,0.031091033709725106,0.06156698446174993,17.091666666666665,1.627926072689994,0.6,1.2506944444444446
v2,temporal,8,120,120,1.0,20,0.16666666666666666,0.11055996367984616,0.24345281393262286,0.15833333333333333,0.725,0.11666666666666667,188.73333333333332,0.029333709985755824,0.06259349467108367,16.625,1.9354277924015575,0.55,2.0863636363636364
v2,latest-only,0,120,0,0.0,109,0.9083333333333333,0.843291530273291,0.9480428171514347,0.9,0.975,0.008333333333333333,99.66666666666667,0.058790584766606466,0.047939283143521964,4.908333333333333,,,
v2,latest-only,1,120,119,0.9916666666666667,107,0.8916666666666667,0.8234463978470834,0.9355885884582658,0.8833333333333333,0.9916666666666667,0.008333333333333333,102.16666666666667,0.05733628219525153,0.04259971070850807,5.708333333333333,0.7833367108376358,0.8907563025210085,0.555188679245283
v2,latest-only,2,120,119,0.9916666666666667,98,0.8166666666666667,0.7379908648282967,0.8756969964398578,0.8,0.9833333333333333,0.03333333333333333,114.78333333333333,0.05426269535742987,0.05369270491238114,8.575,0.8576002608438235,0.8571428571428571,0.6205882352941177
v2,latest-only,3,120,119,0.9916666666666667,73,0.6083333333333333,0.5189378169992731,0.6910080302766743,0.6083333333333333,0.975,0.075,142.66666666666666,0.04716492857547675,0.04143080059375248,12.966666666666667,0.9190575418427296,0.8067226890756303,0.7682291666666667
v2,latest-only,4,120,119,0.9916666666666667,52,0.43333333333333335,0.34810176437788437,0.5227007911446095,0.425,0.975,0.1,166.6,0.03955135605929284,0.04096237727572629,14.541666666666666,0.9799635920727895,0.7983193277310925,1.0926315789473684
v2,latest-only,5,120,119,0.9916666666666667,35,0.2916666666666667,0.2178156362103854,0.3784423497974078,0.2833333333333333,0.9333333333333333,0.125,180.84166666666667,0.03470893851677262,0.05459098065308171,15.733333333333333,1.1899475360809983,0.7058823529411765,1.0505952380952381
v2,latest-only,6,120,119,0.9916666666666667,26,0.21666666666666667,0.15236723564151497,0.29854362532908374,0.2,0.8416666666666667,0.125,189.6,0.03149389393092796,0.0564872447400623,14.4,1.3740853885417903,0.6554621848739496,1.396153846153846
v2,latest-only,7,120,119,0.9916666666666667,25,0.20833333333333334,0.14528439608109694,0.2894767843298135,0.20833333333333334,0.7666666666666667,0.09166666666666666,190.86666666666667,0.030531856084962127,0.06873902645538513,15.5,1.6178174822940614,0.6218487394957983,1.4141891891891891
v2,latest-only,8,120,119,0.9916666666666667,24,0.2,0.13824476478840256,0.2803667350628196,0.18333333333333332,0.7166666666666667,0.075,190.34166666666667,0.029631813944033088,0.06740054012183432,15.716666666666667,1.921871651850218,0.5546218487394958,1.690909090909091
v3,temporal,0,120,0,0.0,117,0.975,0.9290699666721339,0.9914618252300978,0.975,0.9916666666666667,0,86.46666666666667,0.0696725838040708,0.04805910198793188,4.033333333333333,,,
v3,temporal,1,120,120,1.0,118,0.9833333333333333,0.941264037027841,0.9954174354340789,0.9833333333333333,0.9916666666666667,0,88.86666666666666,0.06631078068649077,0.04739370422653361,4.725,0.6462714657117344,0.9833333333333333,0.6114406779661017
v3,temporal,2,120,120,1.0,117,0.975,0.9290699666721339,0.9914618252300978,0.975,1,0,92.25833333333334,0.064067563679712,0.0478167833264042,5.458333333333333,0.6886724074691963,0.9583333333333334,0.6921739130434783
v3,temporal,3,120,120,1.0,113,0.9416666666666667,0.8844740796636988,0.9714589899997798,0.9416666666666667,0.9916666666666667,0,99.65,0.06125853665866131,0.04751267586259063,5.383333333333334,0.7291346332121859,0.9333333333333333,0.7723214285714286
v3,temporal,4,120,120,1.0,109,0.9083333333333333,0.843291530273291,0.9480428171514347,0.9,0.9916666666666667,0.016666666666666666,112.19166666666666,0.05523629010169828,0.04697783565943426,6.275,0.7402344492846331,0.9083333333333333,0.6889908256880733
v3,temporal,5,120,120,1.0,105,0.875,0.8039705979199262,0.9227650272660463,0.875,0.975,0.008333333333333333,123.28333333333333,0.048424304284370334,0.04112658618288878,6.808333333333334,0.8283137690719439,0.8666666666666667,0.9802884615384615
v3,temporal,6,120,120,1.0,100,0.8333333333333334,0.7565471860673773,0.8894400363201539,0.8333333333333334,0.975,0.008333333333333333,132.34166666666667,0.04597638854654137,0.04506769255408868,7.283333333333333,0.9890934611999062,0.8166666666666667,0.9132653061224489
v3,temporal,7,120,120,1.0,96,0.8,0.7196332649371805,0.8617552352115975,0.775,0.9583333333333334,0,144.66666666666666,0.042198078226067054,0.0440122181439026,8.258333333333333,1.1453381978769668,0.825,1.004040404040404
v3,temporal,8,120,120,1.0,90,0.75,0.665588633358744,0.8189017834319043,0.7416666666666667,0.9583333333333334,0,155.65833333333333,0.03689599826967288,0.04374275943278418,9.883333333333333,1.3477390106395941,0.7666666666666667,1.3548913043478261
v3,latest-only,0,120,0,0.0,117,0.975,0.9290699666721339,0.9914618252300978,0.975,1,0,86.55833333333334,0.06867030802939182,0.047403042142485224,3.9,,,
v3,latest-only,1,120,120,1.0,118,0.9833333333333333,0.941264037027841,0.9954174354340789,0.9833333333333333,0.9833333333333333,0,87.74166666666666,0.06720575028579236,0.046372965343521394,4.633333333333334,0.6524652446926372,0.9666666666666667,0.5616379310344828
v3,latest-only,2,120,120,1.0,115,0.9583333333333334,0.9061591476629647,0.9820732831198906,0.9583333333333334,0.9916666666666667,0,92.85833333333333,0.0636494174591147,0.04687824339422781,5.3,0.690894801393397,0.9666666666666667,0.6456896551724138
v3,latest-only,3,120,120,1.0,111,0.925,0.8635908239400624,0.9600428846040397,0.9166666666666666,0.9916666666666667,0,100.225,0.060344779418980546,0.04816626585237563,6.466666666666667,0.7356549094687737,0.9166666666666666,0.7245454545454545
v3,latest-only,4,120,120,1.0,108,0.9,0.833318258891048,0.9418664079739892,0.8916666666666667,0.9916666666666667,0.008333333333333333,110.225,0.05585544212482056,0.046037864024963966,5.991666666666666,0.7243714376965934,0.8916666666666667,0.6939252336448598
v3,latest-only,5,120,120,1.0,105,0.875,0.8039705979199262,0.9227650272660463,0.875,0.9916666666666667,0.008333333333333333,123.125,0.0486576218152547,0.04190241313000758,7.183333333333334,0.8247047699904967,0.8416666666666667,0.7975247524752476
v3,latest-only,6,120,120,1.0,103,0.8583333333333333,0.7848050551014282,0.9096312089651676,0.8583333333333333,0.9583333333333334,0,132.75833333333333,0.0454624220122178,0.04516625286866215,6.983333333333333,0.9708996257776378,0.8166666666666667,0.8275510204081632
v3,latest-only,7,120,120,1.0,97,0.8083333333333333,0.7287884399579756,0.8687497407504907,0.8,0.9666666666666667,0.008333333333333333,147.36666666666667,0.04027206771696864,0.045305690352145475,8.725,1.1385108002674162,0.8083333333333333,1.0809278350515465
v3,latest-only,8,120,120,1.0,86,0.7166666666666667,0.6302979754694596,0.7895937190824355,0.7,0.95,0,158.0,0.036359428968558684,0.04328409320043626,9.608333333333333,1.354975720666501,0.7666666666666667,1.5467391304347826
